0, Blanc, 0, 33.99548, 40.14948, 38.10168, 53.49133, -, -, 56.75375, 26.49773, 16.56009, 70.95848, 16.30806, 16.91558, 37.73484, , 1, Chapman, -53.60785, -, -, -, 0, -28.53369, -63.82697, 45.16327, 17.64599, 18.35397, 58.91846, 17.6344, 18.29078, 22.99328, , 2, De Graaf, -25.07416, -18.17761, 19.11389, 1.527039, 16.17426, 13.02753, 15.07532, 15.29906, 15.29906, 0, 55.0115, 16.14692, 16.83522, 22.02936, , 3, Flores, 10.21912, -12.43115, 44.2146, 50.36859, -, -, -, 36.54722, 15.9474, 16.4296, 64.36967, 26.33801, 16.64203, 21.38963, , 4, Gonzalez, -35.711, -29.75897, -15.78839, 15.51056, 8.477051, -28.81445, 10.87439, 24.74756, 16.20234, 0, 54.33712, 16.05058, 16.60659, 21.67995, , 5, Holtz, -42.02893, -6.317932, -52.24805, -16.95477, 9.192627, -22.10632, -36.0769, 33.9147, 17.91924, 0, 59.54694, 17.69524, 18.37951, 23.47219, , 6, Lipponen, -51.22156, 2.386292, -51.22156, -, -61.44067, -15.51056, -9.192627, 38.68702, 15.94667, 16.52707, 54.05929, 15.95529, 16.56792, 21.53608, , 7, Lundqvist, -19.92261, 26.66278, -13.02606, 24.26544, 18.17908, 20.22687, 14.07288, 10.3077, 10.3077, 0, 54.30471, 16.04039, 16.57817, 21.68615, , 8, Moreno, -5.952026, 32.14966, 35.29639, 40.63336, 28.04346, -28.60229, 47.53931, 54.02771, 17.38343, 16.90671, 55.2713, 16.36767, 17.00034, 21.90329, , 9, North, -26.6012, 17.58685, 0, -20.64917, 19.98419, 14.64722, 11.50049, 16.66135, 16.21633, 0, 54.47728, 16.15109, 16.70023, 21.62596, , 10, Oliveira, -44.18805, -54.40717, -19.11389, 9.4198, -2.159119, 7.033508, -24.26544, 32.58482, 16.3065, 0, 54.04414, 16.00234, 16.53151, 21.51028, , 11, Ribeiro, -6.896545, 34.35187, 39.68884, 0, 33.25293, 27.09894, -29.54681, 67.17554, 30.28227, 16.62703, 62.7379, 16.25684, 16.86472, 29.61633, , 12, Saarinen, -46.58539, -21.51123, 7.022461, -46.58539, -10.87439, -4.556458, 4.636169, 35.19116, 16.21354, 16.87846, 55.06479, 16.07549, 16.97519, 22.01411, , 13, Schmidt, -41.24841, 0.7805176, -5.537415, -51.46753, -21.32581, -35.29639, -14.64722, 29.575, 15.979, 0, 54.25401, 16.15844, 16.57633, 21.51924, , 14, Sharp, -38.10168, -18.17908, 13.11987, 3.927246, -11.50049, 6.086365, -31.20514, 26.76357, 16.04169, 0, 55.12035, 16.11065, 16.75817, 22.25153, , 15, Surikov, -40.14948, 11.07208, 1.879456, -4.438477, -34.19745, -13.54828, 4.038574, 28.811, 16.03177, 0, 54.46009, 16.13087, 16.62445, 21.70477, , 16, Vázquez, -33.99548, -7.394287, -28.04346, -14.07288, -27.09894, 12.5899, 7.25293, 23.21058, 16.2894, 0, 55.20506, 16.25679, 16.87965, 22.06862, , 17, Vidal, 22.65027, 76.1416, 0, 56.64575, -, -, -, 26.76357, 17.66637, 0, 57.39627, 17.84134, 17.1273, 22.42763, , 18, Wexler, -53.49133, -53.49133, -, -, -28.41718, -63.71045, -17.78033, 40.98589, 15.85911, 16.49557, 53.99484, 15.99597, 16.60103, 21.39785, , 19, Woodford, -4.612854, 35.53662, 33.48883, 36.63556, -27.26312, 48.87848, -, 51.72536, 16.35304, 16.98596, 54.82456, 16.06253, 16.88559, 21.87644, , 
0, Blanc, 0, 33.97687, 40.17255, 38.08081, 53.45245, -, -, 59.13096, 26.49773, 16.56009, 70.95848, 16.30806, 16.91558, 37.73484, , 1, Chapman, -53.41779, -53.41779, -, -, -28.06274, -63.66785, -17.7619, 47.54048, 17.64599, 18.35397, 58.91846, 17.6344, 18.29078, 22.99328, , 2, De Graaf, -25.35504, -18.22876, 18.78888, 1.45105, 15.88916, 12.72577, 14.8175, 17.67624, 16.14478, 0, 55.0115, 16.14692, 16.83522, 22.02936, , 3, Flores, 10.25006, -12.47357, 44.22693, 50.42261, -, -, -, 38.92443, 15.9474, 16.4296, 64.36967, 26.33801, 16.64203, 21.38963, , 4, Gonzalez, -35.65588, -29.62463, -15.71674, 15.6275, 8.488037, -28.5296, 11.01666, 27.12475, 16.20234, 0, 54.33712, 16.05058, 16.60659, 21.67995, , 5, Holtz, -41.86273, -6.206848, -52.11279, -16.50769, 9.420654, -21.92358, -35.83148, 36.29191, 17.91924, 0, 59.54694, 17.69524, 18.37951, 23.47219, , 6, Lipponen, -51.28339, 2.134399, -51.28339, -, -61.53345, -15.6275, -9.420654, 41.06424, 15.94667, 16.52707, 54.05929, 15.95529, 16.56792, 21.53608, , 7, Lundqvist, -19.93915, 26.7334, -12.81287, 24.20477, 18.14166, 20.2334, 14.03772, 12.68484, 12.68484, 0, 54.30471, 16.04039, 16.57817, 21.68615, , 8, Moreno, -6.03125, 32.04956, 35.21295, 40.6413, 27.94562, -28.75488, 47.4212, 0.0692228, 0.0692228, 0, 56.33569, 17.38343, 16.90671, 22.04555, , 9, North, -26.80609, 17.33783, 0, -20.77484, 19.86646, 14.43811, 11.27472, 19.03854, 16.21633, 0, 54.47728, 16.15109, 16.70023, 21.62596, , 10, Oliveira, -44.14392, -54.39398, -18.78888, 9.273865, -2.281189, 7.139465, -24.20477, 34.96203, 16.3065, 16.54486, 54.04414, 16.00234, 16.53151, 21.51028, , 11, Ribeiro, -7.126282, 34.11792, 39.54626, 0, 33.04626, 26.85059, -29.84991, 1.002128, 1.002128, 0, 68.55055, 30.28227, 16.62703, 21.64125, , 12, Saarinen, -46.67255, -21.3175, 6.745239, -46.67255, -11.01666, -4.809814, 4.61084, 37.56837, 16.21354, 16.87846, 55.06479, 16.07549, 16.97519, 22.01411, , 13, Schmidt, -41.2442, 0.6185303, -5.588318, -51.49426, -21.30505, -35.21295, -14.43811, 31.9522, 15.979, 0, 54.25401, 16.15844, 16.57633, 21.51924, , 14, Sharp, -38.08081, -18.14166, 13.20258, 3.781921, -11.27472, 6.06311, -30.95453, 29.14076, 16.04169, 0, 55.12035, 16.11065, 16.75817, 22.25153, , 15, Surikov, -40.17255, 11.11084, 1.690186, -4.516663, -34.1413, -13.36646, 3.971375, 31.18819, 16.03177, 0, 54.46009, 16.13087, 16.62445, 21.70477, , 16, Vázquez, -33.97687, -7.170776, -27.94562, -14.03772, -26.85059, 12.69568, 7.267334, 25.58777, 16.2894, 0, 55.20506, 16.25679, 16.87965, 22.06862, , 17, Vidal, 22.72363, 76.17609, 0, 56.7005, -, -, -, 29.14076, 17.66637, 0, 57.39627, 17.84134, 17.1273, 22.42763, , 18, Wexler, -53.45245, -, -, -, -0.03466797, -28.09741, -63.70251, 43.3631, 15.85911, 16.49557, 53.99484, 15.99597, 16.60103, 21.39785, , 19, Woodford, -4.631165, 35.54138, 33.44965, 36.61304, -27.3548, 48.82129, -, 54.10258, 16.35304, 16.98596, 54.82456, 16.06253, 16.88559, 21.87644, , 
0, Blanc, 0, 33.94232, 40.211, 38.14099, 53.31641, -, -, 61.30957, 26.49773, 16.56009, 70.95848, 16.30806, 16.91558, 37.73484, , 1, Chapman, -53.26752, -53.26752, -, -, -27.67609, -63.51617, -17.62311, 49.71909, 17.64599, 18.35397, 58.91846, 17.6344, 18.29078, 22.99328, , 2, De Graaf, -25.59143, -18.18402, 18.53552, 1.392517, 15.58148, 12.54956, 14.61957, 19.85493, 16.14478, 0, 55.0115, 16.14692, 16.83522, 22.02936, , 3, Flores, 10.24866, -12.51477, 44.19098, 50.45966, -, -, -, 41.10304, 15.9474, 16.4296, 64.36967, 26.33801, 16.64203, 21.38963, , 4, Gonzalez, -35.64441, -29.41125, -15.68536, 15.62231, 8.482544, -28.237, 11.04639, 29.30344, 16.20234, 0, 54.33712, 16.05058, 16.60659, 21.67995, , 5, Holtz, -41.65338, -6.008972, -51.90204, -16.06195, 9.613342, -21.69434, -35.42023, 38.47052, 17.91924, 18.46763, 59.54694, 17.69524, 18.37951, 23.47219, , 6, Lipponen, -51.26672, 2.000793, -51.26672, -, -61.51538, -15.62231, -9.613342, 43.24284, 15.94667, 16.52707, 54.05929, 15.95529, 16.56792, 21.53608, , 7, Lundqvist, -19.95905, 26.73175, -12.55164, 24.16791, 18.18195, 20.25195, 13.98328, 14.8635, 14.8635, 0, 54.30471, 16.04039, 16.57817, 21.68615, , 8, Moreno, -6.233154, 31.90784, 34.93976, 40.45764, 27.70917, -28.99658, 47.08325, 2.247894, 2.247894, 0, 56.33569, 17.38343, 16.90671, 22.04555, , 9, North, -26.98395, 17.14301, 0, -20.75079, 19.70685, 14.18896, 11.15704, 21.21724, 16.21633, 0, 54.47728, 16.15109, 16.70023, 21.62596, , 10, Oliveira, -44.12695, -54.37561, -18.53552, 9.140564, -2.473572, 7.139771, -24.16791, 37.14064, 16.3065, 16.54486, 54.04414, 16.00234, 16.53151, 21.51028, , 11, Ribeiro, -7.40741, 33.7655, 39.28339, 0, 32.80359, 26.53491, -30.17084, 3.180798, 3.180798, 0, 68.55055, 30.28227, 16.62703, 21.64125, , 12, Saarinen, -46.6908, -21.09937, 6.576721, -46.6908, -11.04639, -5.037415, 4.575928, 39.74698, 16.21354, 16.87846, 55.06479, 16.07549, 16.97519, 22.01411, , 13, Schmidt, -41.17291, 0.4804688, -5.528503, -51.42157, -21.21387, -34.93976, -14.18896, 34.13081, 15.979, 16.64428, 54.25401, 16.15844, 16.57633, 21.51924, , 14, Sharp, -38.14099, -18.18195, 13.12573, 3.51239, -11.15704, 5.985962, -30.73358, 31.31945, 16.04169, 0, 55.12035, 16.11065, 16.75817, 22.25153, , 15, Surikov, -40.211, 11.05573, 1.442383, -4.566589, -33.97784, -13.22705, 3.915955, 33.36682, 16.03177, 16.75751, 54.46009, 16.13087, 16.62445, 21.70477, , 16, Vázquez, -33.94232, -6.958374, -27.70917, -13.98328, -26.53491, 12.74847, 7.230591, 27.76646, 16.2894, 0, 55.20506, 16.25679, 16.87965, 22.06862, , 17, Vidal, 22.76343, 76.07983, 0, 56.70575, -, -, -, 31.31945, 17.66637, 0, 57.39627, 17.84134, 17.1273, 22.42763, , 18, Wexler, -53.31641, -, -, -, -0.04888916, -27.72498, -63.56506, 45.54171, 15.85911, 16.49557, 53.99484, 15.99597, 16.60103, 21.39785, , 19, Woodford, -4.774475, 35.43652, 33.36652, 36.39844, -27.5379, 48.54193, -, 1.038172, 1.038172, 0, 55.24306, 16.35304, 16.98596, 21.90405, , 
0, Blanc, 0, 33.8797, 40.20349, 38.11224, 53.13715, -, -, 63.35348, 26.49773, 16.56009, 70.95848, 16.30806, 16.91558, 37.73484, , 1, Chapman, -53.15436, -53.15436, -, -, -27.36133, -63.38586, -17.5741, 51.763, 17.64599, 18.35397, 58.91846, 17.6344, 18.29078, 22.99328, , 2, De Graaf, -25.79303, -18.26099, 18.32477, 1.299255, 15.38324, 12.31921, 14.41046, 21.89887, 16.14478, 0, 55.0115, 16.14692, 16.83522, 22.02936, , 3, Flores, 10.23151, -12.53381, 44.11121, 50.435, -, -, -, 43.14695, 15.9474, 16.4296, 64.36967, 26.33801, 16.64203, 21.38963, , 4, Gonzalez, -35.58026, -29.2157, -15.38507, 15.55127, 8.537537, -28.04822, 11.11139, 31.34737, 16.20234, 0, 54.33712, 16.05058, 16.60659, 21.67995, , 5, Holtz, -41.56274, -5.982483, -51.79425, -15.76971, 9.568787, -21.36755, -35.19818, 40.51443, 17.91924, 18.46763, 59.54694, 17.69524, 18.37951, 23.47219, , 6, Lipponen, -51.13153, 2.022827, -51.13153, -, -61.36304, -15.55127, -9.568787, 45.28675, 15.94667, 16.52707, 54.05929, 15.95529, 16.56792, 21.53608, , 7, Lundqvist, -20.19519, 26.49646, -12.66315, 23.92261, 17.91705, 20.0083, 13.68451, 16.90743, 15.96864, 0, 54.30471, 16.04039, 16.57817, 21.68615, , 8, Moreno, -6.364563, 31.74768, 34.81171, 40.32709, 27.51514, -29.12988, 46.77258, 4.291792, 4.291792, 0, 56.33569, 17.38343, 16.90671, 22.04555, , 9, North, -27.09229, 17.02551, 0, -20.72772, 19.59937, 14.08398, 11.01996, 23.26117, 16.21633, 0, 54.47728, 16.15109, 16.70023, 21.62596, , 10, Oliveira, -44.1178, -54.3493, -18.32477, 9.03656, -2.555054, 7.013733, -23.92261, 39.18455, 16.3065, 16.54486, 54.04414, 16.00234, 16.53151, 21.51028, , 11, Ribeiro, -7.532043, 33.64423, 39.15961, 0, 32.67145, 26.34766, -30.29736, 5.224697, 5.224697, 0, 68.55055, 30.28227, 16.62703, 21.64125, , 12, Saarinen, -46.69165, -20.89862, 6.462708, -46.69165, -11.11139, -5.128906, 4.43988, 41.79089, 16.21354, 16.87846, 55.06479, 16.07549, 16.97519, 22.01411, , 13, Schmidt, -41.17627, 0.3864746, -5.596008, -51.40778, -20.98108, -34.81171, -14.08398, 36.17472, 15.979, 16.64428, 54.25401, 16.15844, 16.57633, 21.51924, , 14, Sharp, -38.11224, -17.91705, 13.01929, 3.4505, -11.01996, 6.005554, -30.5802, 33.36337, 16.04169, 16.62972, 55.12035, 16.11065, 16.75817, 22.25153, , 15, Surikov, -40.20349, 10.92804, 1.359253, -4.62323, -33.83893, -13.11121, 3.914307, 35.41073, 16.03177, 16.75751, 54.46009, 16.13087, 16.62445, 21.70477, , 16, Vázquez, -33.8797, -6.787415, -27.51514, -13.68451, -26.34766, 12.81195, 7.29657, 29.81039, 16.2894, 0, 55.20506, 16.25679, 16.87965, 22.06862, , 17, Vidal, 22.76532, 75.90247, 0, 56.64502, -, -, -, 33.36337, 17.66637, 0, 57.39627, 17.84134, 17.1273, 22.42763, , 18, Wexler, -53.13715, -, -, -, 0.01721191, -27.34412, -63.36865, 47.58562, 15.85911, 16.49557, 53.99484, 15.99597, 16.60103, 21.39785, , 19, Woodford, -4.904663, 35.29883, 33.20758, 36.27161, -27.66998, 48.23248, -, 3.08207, 3.08207, 0, 55.24306, 16.35304, 16.98596, 21.90405, , 
0, Blanc, 0, 33.66504, 39.99854, 37.89056, 52.74762, -, -, 1.126534, 1.126534, 0, 64.58611, 26.49773, 16.56009, 21.52829, , 1, Chapman, -52.68121, -52.68121, -, -, -27.07617, -63.2088, -17.40784, 54.12221, 17.64599, 18.35397, 58.91846, 17.6344, 18.29078, 22.99328, , 2, De Graaf, -25.60504, -18.36481, 18.29938, 1.21228, 15.36523, 12.28552, 14.39349, 24.25812, 16.14478, 0, 55.0115, 16.14692, 16.83522, 22.02936, , 3, Flores, 10.52759, -12.46088, 44.19263, 50.52612, -, -, -, 45.50616, 15.9474, 16.4296, 64.36967, 26.33801, 16.64203, 21.38963, , 4, Gonzalez, -35.27338, -29.1601, -15.05725, 15.55957, 8.631042, -28.03314, 11.12085, 33.7066, 16.20234, 16.90087, 54.33712, 16.05058, 16.60659, 21.67995, , 5, Holtz, -41.20697, -5.933594, -51.73456, -15.60193, 9.625977, -20.99084, -35.09369, 42.87364, 17.91924, 18.46763, 59.54694, 17.69524, 18.37951, 23.47219, , 6, Lipponen, -50.83295, 1.848267, -50.83295, -, -61.36053, -15.55957, -9.625977, 47.64597, 15.94667, 16.52707, 54.05929, 15.95529, 16.56792, 21.53608, , 7, Lundqvist, -20.21613, 26.1781, -12.97589, 23.68829, 17.67444, 19.78241, 13.44891, 19.26668, 15.96864, 0, 54.30471, 16.04039, 16.57817, 21.68615, , 8, Moreno, -6.113281, 31.77728, 34.85699, 40.28094, 27.55176, -29.10175, 46.63434, 6.651008, 6.651008, 0, 56.33569, 17.38343, 16.90671, 22.04555, , 9, North, -26.81732, 17.0871, 0, -20.70404, 19.5769, 14.15295, 11.07324, 25.62042, 16.21633, 0, 54.47728, 16.15109, 16.70023, 21.62596, , 10, Oliveira, -43.90442, -54.43201, -18.29938, 8.776794, -2.697449, 6.928528, -23.68829, 41.54376, 16.3065, 16.54486, 54.04414, 16.00234, 16.53151, 21.51028, , 11, Ribeiro, -7.240234, 33.73004, 39.15399, 0, 32.7583, 26.4248, -30.2287, 7.583913, 7.583913, 0, 68.55055, 30.28227, 16.62703, 21.64125, , 12, Saarinen, -46.39423, -20.78918, 6.286987, -46.39423, -11.12085, -5.187256, 4.438721, 44.1501, 16.21354, 16.87846, 55.06479, 16.07549, 16.97519, 22.01411, , 13, Schmidt, -40.97028, 0.2366943, -5.696899, -51.49786, -20.75415, -34.85699, -14.15295, 38.53393, 15.979, 16.64428, 54.25401, 16.15844, 16.57633, 21.51924, , 14, Sharp, -37.89056, -17.67444, 12.94238, 3.316406, -11.07324, 6.013855, -30.65033, 35.72258, 16.04169, 16.62972, 55.12035, 16.11065, 16.75817, 22.25153, , 15, Surikov, -39.99854, 10.83441, 1.208435, -4.725159, -33.88525, -13.18121, 3.905884, 37.76994, 16.03177, 16.75751, 54.46009, 16.13087, 16.62445, 21.70477, , 16, Vázquez, -33.66504, -6.847717, -27.55176, -13.44891, -26.4248, 12.72919, 7.305237, 32.16964, 16.2894, 0, 55.20506, 16.25679, 16.87965, 22.06862, , 17, Vidal, 22.98846, 75.73608, 0, 56.6535, -, -, -, 35.72258, 17.66637, 16.76473, 57.39627, 17.84134, 17.1273, 22.42763, , 18, Wexler, -52.74762, -, -, -, -0.06640625, -27.14258, -63.27521, 49.94483, 15.85911, 16.49557, 53.99484, 15.99597, 16.60103, 21.39785, , 19, Woodford, -4.78241, 35.21613, 33.10815, 36.18787, -27.77087, 47.96521, -, 5.441284, 5.441284, 0, 55.24306, 16.35304, 16.98596, 21.90405, , 
0, Blanc, 0, 33.40149, 39.84229, 37.70703, 52.37012, -, -, 3.314271, 3.314271, 0, 64.58611, 26.49773, 16.56009, 21.52829, , 1, Chapman, -52.20508, -52.20508, -, -, -26.90753, -62.98895, -17.28937, 56.30993, 17.64599, 18.35397, 58.91846, 17.6344, 18.29078, 22.99328, , 2, De Graaf, -25.29755, -18.3526, 18.36334, 1.270874, 15.56146, 12.40948, 14.54474, 26.44588, 16.14478, 0, 55.0115, 16.14692, 16.83522, 22.02936, , 3, Flores, 10.78387, -12.51904, 44.18536, 50.62616, -, -, -, 47.69388, 15.9474, 16.4296, 64.36967, 26.33801, 16.64203, 21.38963, , 4, Gonzalez, -34.91571, -29.10028, -14.61542, 15.56342, 8.745178, -27.97076, 11.12494, 35.89432, 16.20234, 16.90087, 54.33712, 16.05058, 16.60659, 21.67995, , 5, Holtz, -40.85901, -5.943298, -51.64288, -15.56146, 9.620117, -20.55872, -35.04358, 45.06136, 17.91924, 18.46763, 59.54694, 17.69524, 18.37951, 23.47219, , 6, Lipponen, -50.47913, 1.725952, -50.47913, -, -61.263, -15.56342, -9.620117, 49.83368, 15.94667, 16.52707, 54.05929, 15.95529, 16.56792, 21.53608, , 7, Lundqvist, -20.30029, 25.74036, -13.35535, 23.3606, 17.40674, 19.54199, 13.1012, 21.45444, 15.96864, 0, 54.30471, 16.04039, 16.57817, 21.68615, , 8, Moreno, -5.81543, 31.8916, 35.04358, 40.22522, 27.58606, -29.11835, 46.55469, 8.838748, 8.838748, 0, 56.33569, 17.38343, 16.90671, 22.04555, , 9, North, -26.56842, 17.09247, 0, -20.75299, 19.47223, 14.29059, 11.13861, 27.80818, 16.21633, 0, 54.47728, 16.15109, 16.70023, 21.62596, , 10, Oliveira, -43.66089, -54.44476, -18.36334, 8.544189, -2.80188, 6.818237, -23.3606, 43.73147, 16.3065, 16.54486, 54.04414, 16.00234, 16.53151, 21.51028, , 11, Ribeiro, -6.944946, 33.91406, 39.0957, 0, 32.89734, 26.45654, -30.24786, 9.771648, 9.771648, 0, 68.55055, 30.28227, 16.62703, 21.64125, , 12, Saarinen, -46.04065, -20.7431, 6.164429, -46.04065, -11.12494, -5.181641, 4.438477, 46.33782, 16.21354, 16.87846, 55.06479, 16.07549, 16.97519, 22.01411, , 13, Schmidt, -40.85901, 0, -5.943298, -51.64288, -20.55872, -35.04358, -14.29059, 40.72164, 15.979, 16.64428, 54.25401, 16.15844, 16.57633, 21.51924, , 14, Sharp, -37.70703, -17.40674, 12.77209, 3.151978, -11.13861, 5.953857, -30.76208, 37.91029, 16.04169, 16.62972, 55.12035, 16.11065, 16.75817, 22.25153, , 15, Surikov, -39.84229, 10.63684, 1.016724, -4.926575, -34.02686, -13.27386, 3.818604, 39.95765, 16.03177, 16.75751, 54.46009, 16.13087, 16.62445, 21.70477, , 16, Vázquez, -33.40149, -6.833069, -27.58606, -13.1012, -26.45654, 12.63916, 7.45752, 34.35736, 16.2894, 16.7772, 55.20506, 16.25679, 16.87965, 22.06862, , 17, Vidal, 23.30292, 75.67303, 0, 56.70441, -, -, -, 37.91029, 17.66637, 16.76473, 57.39627, 17.84134, 17.1273, 22.42763, , 18, Wexler, -52.37012, -, -, -, -0.1650391, -27.07257, -63.15399, 52.13255, 15.85911, 16.49557, 53.99484, 15.99597, 16.60103, 21.39785, , 19, Woodford, -4.485718, 35.35657, 33.22131, 36.37329, -27.78864, 47.8844, -, 7.629024, 7.629024, 0, 55.24306, 16.35304, 16.98596, 21.90405, , 
0, Blanc, 0, 33.25854, 39.73773, 37.62744, 52.10083, -, -, 5.341941, 5.341941, 0, 64.58611, 26.49773, 16.56009, 21.52829, , 1, Chapman, -51.8186, -51.8186, -, -, -26.71887, -62.72021, -17.10022, 58.33756, 17.64599, 18.35397, 58.91846, 17.6344, 18.29078, 22.99328, , 2, De Graaf, -25.09973, -18.34149, 18.34558, 1.311096, 15.59668, 12.52771, 14.638, 28.47355, 16.14478, 0, 55.0115, 16.14692, 16.83522, 22.02936, , 3, Flores, 10.90161, -12.57867, 44.16016, 50.63934, -, -, -, 49.72151, 15.9474, 16.4296, 64.36967, 26.33801, 16.64203, 21.38963, , 4, Gonzalez, -34.71838, -29.08636, -14.5011, 16.41711, 8.726929, -27.96014, 11.0824, 37.92195, 16.20234, 16.90087, 54.33712, 16.05058, 16.60659, 21.67995, , 5, Holtz, -40.56165, 0, -5.843262, -51.46326, -20.34436, -34.92963, -14.15082, 47.08899, 17.91924, 18.46763, 59.54694, 17.69524, 18.37951, 23.47219, , 6, Lipponen, -51.1355, 0.6831055, -51.1355, -, -62.03711, -16.41711, -10.57385, 51.86131, 15.94667, 16.52707, 54.05929, 15.95529, 16.56792, 21.53608, , 7, Lundqvist, -20.21729, 25.5835, -13.45905, 23.22803, 17.41016, 19.52045, 13.04126, 23.48211, 15.96864, 0, 54.30471, 16.04039, 16.57817, 21.68615, , 8, Moreno, -5.632019, 31.99542, 35.06439, 40.16876, 27.62653, -29.1123, 46.46881, 10.86641, 10.86641, 0, 56.33569, 17.38343, 16.90671, 22.04555, , 9, North, -26.41083, 17.03448, 0, -20.77881, 19.38995, 14.28558, 11.21661, 29.83585, 16.21633, 0, 54.47728, 16.15109, 16.70023, 21.62596, , 10, Oliveira, -43.44531, -54.34692, -18.34558, 8.373291, -2.883667, 7.690186, -23.22803, 45.75911, 16.3065, 16.54486, 54.04414, 16.00234, 16.53151, 21.51028, , 11, Ribeiro, -6.75824, 33.93817, 39.04254, 0, 32.97949, 26.50031, -30.23853, 11.79931, 11.79931, 0, 68.55055, 30.28227, 16.62703, 21.64125, , 12, Saarinen, -45.80078, -20.70105, 6.017822, -45.80078, -11.0824, -5.239136, 5.334717, 48.36545, 16.21354, 16.87846, 55.06479, 16.07549, 16.97519, 22.01411, , 13, Schmidt, -40.69641, -5.978027, -51.59802, -15.59668, 10.43909, -20.47913, -35.06439, 42.74927, 15.979, 16.64428, 54.25401, 16.15844, 16.57633, 21.51924, , 14, Sharp, -37.62744, -17.41016, 13.50806, 2.934204, -11.21661, 5.817871, -30.8692, 39.93792, 16.04169, 16.62972, 55.12035, 16.11065, 16.75817, 22.25153, , 15, Surikov, -39.73773, 11.39777, 0.8239136, -5.019348, -34.10571, -13.3269, 3.707581, 41.98529, 16.03177, 16.75751, 54.46009, 16.13087, 16.62445, 21.70477, , 16, Vázquez, -33.25854, -6.847717, -27.62653, -13.04126, -26.50031, 12.54224, 7.437866, 36.38499, 16.2894, 16.7772, 55.20506, 16.25679, 16.87965, 22.06862, , 17, Vidal, 23.48029, 75.58112, 0, 56.73883, -, -, -, 39.93792, 17.66637, 16.76473, 57.39627, 17.84134, 17.1273, 22.42763, , 18, Wexler, -52.10083, -, -, -, -0.2822266, -27.0011, -63.00244, 54.16018, 15.85911, 16.49557, 53.99484, 15.99597, 16.60103, 21.39785, , 19, Woodford, -4.276367, 35.46136, 33.35107, 36.42004, -27.75665, 47.82446, -, 9.656685, 9.656685, 0, 55.24306, 16.35304, 16.98596, 21.90405, , 
0, Blanc, 0, 33.34912, 39.71124, 37.7121, 50.65375, -, -, 7.642253, 7.642253, 0, 64.58611, 26.49773, 16.56009, 21.52829, , 1, Chapman, -50.85297, 0, -50.85297, -, -61.71338, -16.13562, -10.51324, 60.6379, 17.64599, 18.35397, 58.91846, 17.6344, 18.29078, 22.99328, , 2, De Graaf, -25.11761, -18.35339, 18.35791, 1.323792, 15.47113, 12.59448, 14.59363, 30.77389, 16.14478, 0, 55.0115, 16.14692, 16.83522, 22.02936, , 3, Flores, 10.86041, -12.58105, 44.20953, 50.57166, -, -, -, 52.02185, 15.9474, 16.4296, 64.36967, 26.33801, 16.64203, 21.38963, , 4, Gonzalez, -34.71735, -29.05951, -14.49292, 17.26208, 8.758179, -27.95313, 10.98926, 40.22229, 16.20234, 16.90087, 54.33712, 16.05058, 16.60659, 21.67995, , 5, Holtz, -40.33972, 0, -5.622375, -51.20013, -20.1153, -34.68188, -13.89832, 49.38932, 17.91924, 18.46763, 59.54694, 17.69524, 18.37951, 23.47219, , 6, Lipponen, -51.97943, -, -, -, -1.126465, -26.86182, -62.83984, 0.0496998, 0.0496998, 0, 54.11195, 15.94667, 16.52707, 21.6382, , 7, Lundqvist, -20.22443, 25.48218, -13.46021, 23.2511, 17.48767, 19.48682, 13.12469, 25.78245, 15.96864, 0, 54.30471, 16.04039, 16.57817, 21.68615, , 8, Moreno, -5.657837, 32.05426, 34.93091, 40.04877, 27.69128, -29.0993, 44.99591, 13.1667, 13.1667, 0, 56.33569, 17.38343, 16.90671, 22.04555, , 9, North, -26.44141, 17.03412, 0, -20.78357, 19.2652, 14.14734, 11.27069, 32.13618, 16.21633, 0, 54.47728, 16.15109, 16.70023, 21.62596, , 10, Oliveira, -43.47552, -54.33594, -18.35791, 7.377441, -3.135803, 8.503906, -23.2511, 48.05944, 16.3065, 16.54486, 54.04414, 16.00234, 16.53151, 21.51028, , 11, Ribeiro, -6.764221, 33.82452, 38.94238, 0, 32.94702, 26.5849, -30.20569, 14.0996, 14.0996, 0, 68.55055, 30.28227, 16.62703, 21.64125, , 12, Saarinen, -45.7066, -20.58899, 5.146362, -45.7066, -10.98926, -5.366882, 6.272827, 50.66579, 16.21354, 16.87846, 55.06479, 16.07549, 16.97519, 22.01411, , 13, Schmidt, -40.58875, -5.871399, -51.44916, -15.47113, 11.39069, -20.36432, -34.93091, 45.04961, 15.979, 16.64428, 54.25401, 16.15844, 16.57633, 21.51924, , 14, Sharp, -37.7121, -17.48767, 14.26733, 2.627625, -11.27069, 5.763428, -30.94788, 42.23826, 16.04169, 16.62972, 55.12035, 16.11065, 16.75817, 22.25153, , 15, Surikov, -39.71124, 12.26819, 0.628479, -4.993896, -34.05341, -13.26984, 3.764282, 44.28563, 16.03177, 16.75751, 54.46009, 16.13087, 16.62445, 21.70477, , 16, Vázquez, -33.34912, -6.907715, -27.69128, -13.12469, -26.5849, 12.35748, 7.239624, 38.68533, 16.2894, 16.7772, 55.20506, 16.25679, 16.87965, 22.06862, , 17, Vidal, 23.44147, 74.09521, 0, 56.79059, -, -, -, 42.23826, 17.66637, 16.76473, 57.39627, 17.84134, 17.1273, 22.42763, , 18, Wexler, -50.65375, -50.65375, -, -, -25.53613, -61.51416, -15.9364, 56.46051, 15.85911, 16.49557, 53.99484, 15.99597, 16.60103, 21.39785, , 19, Woodford, -4.234009, 35.47723, 33.47809, 36.35474, -27.67548, 46.41974, -, 11.95697, 11.95697, 0, 55.24306, 16.35304, 16.98596, 21.90405, , 
0, Blanc, 0, 33.47314, 39.71326, 37.70673, 49.19116, -, -, 9.862431, 9.862431, 0, 64.58611, 26.49773, 16.56009, 21.52829, , 1, Chapman, -48.71021, 0, -48.71021, -, -59.28516, -13.95251, -8.51355, 62.85813, 17.64599, 18.35397, 58.91846, 17.6344, 18.29078, 22.99328, , 2, De Graaf, -25.19684, -18.16382, 18.26947, 1.308472, 15.50555, 12.50989, 14.51642, 32.99408, 16.14478, 16.68054, 55.0115, 16.14692, 16.83522, 22.02936, , 3, Flores, 10.57495, -12.78735, 44.0481, 50.28821, -, -, -, 0.3184954, 0.3184954, 0, 53.9236, 15.9474, 16.4296, 21.5466, , 4, Gonzalez, -34.75769, -29.00018, -14.49011, 17.13452, 8.708618, -27.72467, 11.74805, 42.44252, 16.20234, 16.90087, 54.33712, 16.05058, 16.60659, 21.67995, , 5, Holtz, -40.19666, 0, -5.438965, -50.77161, -19.92908, -34.43915, -13.69135, 51.60956, 17.91924, 18.46763, 59.54694, 17.69524, 18.37951, 23.47219, , 6, Lipponen, -51.89221, -, -, -, -3.182007, -26.69537, -62.46716, 2.269896, 2.269896, 0, 54.11195, 15.94667, 16.52707, 21.6382, , 7, Lundqvist, -20.26758, 26.23816, -13.23456, 23.19873, 17.43915, 19.44568, 13.20557, 28.00266, 15.96864, 0, 54.30471, 16.04039, 16.57817, 21.68615, , 8, Moreno, -5.757507, 31.94922, 34.94489, 40.74823, 27.71564, -29.11981, 43.43365, 15.38688, 15.38688, 0, 56.33569, 17.38343, 16.90671, 22.04555, , 9, North, -26.50531, 16.961, 0, -20.7478, 20.00043, 14.19708, 11.20142, 34.35642, 16.21633, 16.73825, 54.47728, 16.15109, 16.70023, 21.62596, , 10, Oliveira, -43.46631, -54.04126, -18.26947, 5.243896, -3.269653, 8.425903, -23.19873, 50.27968, 16.3065, 16.54486, 54.04414, 16.00234, 16.53151, 21.51028, , 11, Ribeiro, -7.03302, 33.66937, 39.47272, 0, 32.68024, 26.44012, -30.39532, 16.31979, 16.0345, 0, 68.55055, 30.28227, 16.62703, 21.64125, , 12, Saarinen, -46.50574, -21.3089, 2.204468, -46.50574, -11.74805, -6.309082, 5.386475, 52.88602, 16.21354, 16.87846, 55.06479, 16.07549, 16.97519, 22.01411, , 13, Schmidt, -40.70239, -5.944702, -51.27734, -15.50555, 11.18982, -20.43481, -34.94489, 47.26984, 15.979, 16.64428, 54.25401, 16.15844, 16.57633, 21.51924, , 14, Sharp, -37.70673, -17.43915, 14.18549, 2.489929, -11.20142, 5.759583, -30.67371, 44.4585, 16.04169, 16.62972, 55.12035, 16.11065, 16.75817, 22.25153, , 15, Surikov, -39.71326, 12.17896, 0.4833984, -4.955566, -33.95575, -13.20795, 3.753052, 46.50586, 16.03177, 16.75751, 54.46009, 16.13087, 16.62445, 21.70477, , 16, Vázquez, -33.47314, -6.967834, -27.71564, -13.20557, -26.44012, 13.03259, 7.229248, 40.90556, 16.2894, 16.7772, 55.20506, 16.25679, 16.87965, 22.06862, , 17, Vidal, 23.3623, 72.55347, 0, 56.83545, -, -, -, 44.4585, 17.66637, 16.76473, 57.39627, 17.84134, 17.1273, 22.42763, , 18, Wexler, -49.19116, -49.19116, -, -, -23.99432, -59.76611, -14.43347, 58.68075, 15.85911, 16.49557, 53.99484, 15.99597, 16.60103, 21.39785, , 19, Woodford, -4.273193, 35.44006, 33.43353, 36.4292, -27.6355, 44.91797, -, 14.17715, 14.17715, 0, 55.24306, 16.35304, 16.98596, 21.90405, , 
0, Blanc, 0, 33.50751, 39.65192, 37.73993, 48.5799, -, -, 12.05925, 12.05925, 0, 64.58611, 26.49773, 16.56009, 21.52829, , 1, Chapman, -47.64288, 0, -47.64288, -, -57.90723, -12.92542, -7.656982, 65.05491, 17.64599, 18.35397, 58.91846, 17.6344, 18.29078, 22.99328, , 2, De Graaf, -25.09735, -17.73413, 19.48352, 1.420227, 15.56445, 12.64258, 14.55457, 35.1909, 16.14478, 16.68054, 55.0115, 16.14692, 16.83522, 22.02936, , 3, Flores, 10.26434, -13.1333, 43.77185, 49.91626, -, -, -, 2.515295, 2.515295, 0, 53.9236, 15.9474, 16.4296, 21.5466, , 4, Gonzalez, -34.71747, -28.74347, -14.41205, 17.04871, 9.863403, -27.35425, 12.56555, 44.63934, 16.20234, 16.90087, 54.33712, 16.05058, 16.60659, 21.67995, , 5, Holtz, -39.9859, 0, -5.268433, -50.25024, -19.68048, -34.0119, -13.46832, 53.80638, 17.91924, 18.46763, 59.54694, 17.69524, 18.37951, 23.47219, , 6, Lipponen, -51.76617, -, -, -, -4.123291, -26.66882, -62.03052, 4.466693, 4.466693, 0, 54.11195, 15.94667, 16.52707, 21.6382, , 7, Lundqvist, -20.30542, 26.9776, -12.9422, 24.27545, 17.43451, 19.3465, 13.20209, 30.19944, 15.96864, 0, 54.30471, 16.04039, 16.57817, 21.68615, , 8, Moreno, -5.973999, 31.76593, 34.68781, 41.30902, 27.53351, -29.37164, 42.6059, 17.58366, 16.19781, 0, 56.33569, 17.38343, 16.90671, 22.04555, , 9, North, -26.51758, 18.06329, 0, -20.54358, 20.76544, 14.14423, 11.22235, 36.55324, 16.21633, 16.73825, 54.47728, 16.15109, 16.70023, 21.62596, , 10, Oliveira, -44.58087, -54.84521, -19.48352, 3.062012, -4.594971, 7.185303, -24.27545, 52.4765, 16.3065, 16.54486, 54.04414, 16.00234, 16.53151, 21.51028, , 11, Ribeiro, -7.36322, 33.29858, 39.9198, 0, 32.2887, 26.14429, -30.76086, 18.51657, 16.0345, 0, 68.55055, 30.28227, 16.62703, 21.64125, , 12, Saarinen, -47.28302, -47.28302, -, -, -22.18567, -57.54736, -12.56555, 0.0165317, 0.0165317, 0, 55.06631, 16.21354, 16.87846, 21.97431, , 13, Schmidt, -40.6618, -5.944336, -50.92615, -15.56445, 11.10437, -20.35638, -34.68781, 49.46666, 15.979, 16.64428, 54.25401, 16.15844, 16.57633, 21.51924, , 14, Sharp, -37.73993, -17.43451, 14.02625, 2.245972, -11.22235, 6.840942, -30.37671, 46.65532, 16.04169, 16.62972, 55.12035, 16.11065, 16.75817, 22.25153, , 15, Surikov, -39.65192, 12.11426, 0.3339844, -4.934448, -33.67792, -13.13434, 4.928955, 48.70268, 16.03177, 16.75751, 54.46009, 16.13087, 16.62445, 21.70477, , 16, Vázquez, -33.50751, -6.989929, -27.53351, -13.20209, -26.14429, 13.77551, 7.154297, 43.10238, 16.2894, 16.7772, 55.20506, 16.25679, 16.87965, 22.06862, , 17, Vidal, 23.39764, 71.97754, 0, 56.90515, -, -, -, 46.65532, 17.66637, 16.76473, 57.39627, 17.84134, 17.1273, 22.42763, , 18, Wexler, -48.5799, -23.48254, -0.9370117, -48.5799, -13.86243, -8.593994, 3.186279, 60.87757, 15.85911, 16.49557, 53.99484, 15.99597, 16.60103, 21.39785, , 19, Woodford, -4.425842, 35.22607, 33.31409, 36.23596, -27.82349, 44.15405, -, 16.37397, 16.30785, 0, 55.24306, 16.35304, 16.98596, 21.90405, , 
0, Blanc, 0, 33.3728, 39.3725, 37.69891, 48.42926, -, -, 14.27667, 14.27667, 0, 64.58611, 26.49773, 16.56009, 21.52829, , 1, Chapman, -47.49225, -22.46161, 0, -47.49225, -12.76025, -7.754028, 4.123291, 67.27216, 17.64599, 18.35397, 58.91846, 17.6344, 18.29078, 22.99328, , 2, De Graaf, -25.03064, -17.40875, 20.03192, 1.483459, 15.51971, 12.66827, 14.34186, 37.40832, 16.14478, 16.68054, 55.0115, 16.14692, 16.83522, 22.02936, , 3, Flores, 10.00793, -13.50885, 43.38074, 49.38043, -, -, -, 4.73272, 4.73272, 0, 53.9236, 15.9474, 16.4296, 21.5466, , 4, Gonzalez, -34.73199, -28.58868, -14.43884, 16.88354, 10.33057, -27.11011, 12.29956, 46.85676, 16.20234, 16.90087, 54.33712, 16.05058, 16.60659, 21.67995, , 5, Holtz, -39.73822, 0, -5.006226, -49.74615, -19.44507, -33.59491, -13.22412, 56.0238, 17.91924, 18.46763, 59.54694, 17.69524, 18.37951, 23.47219, , 6, Lipponen, -51.61554, -, -, -, -4.123291, -26.5849, -61.62347, 6.684126, 6.684126, 0, 54.11195, 15.94667, 16.52707, 21.6382, , 7, Lundqvist, -20.29315, 26.7384, -12.67126, 24.76941, 17.40576, 19.07935, 13.07965, 32.41689, 15.96864, 0, 54.30471, 16.04039, 16.57817, 21.68615, , 8, Moreno, -6.143311, 31.5556, 34.40704, 40.88824, 27.22949, -29.6601, 42.28595, 19.80111, 16.19781, 0, 56.33569, 17.38343, 16.90671, 22.04555, , 9, North, -26.5141, 18.54846, 0, -20.37079, 20.51746, 14.03625, 11.18481, 38.77066, 16.21633, 16.73825, 54.47728, 16.15109, 16.70023, 21.62596, , 10, Oliveira, -45.06256, 2.429688, -45.06256, -, -55.0705, -10.33057, -5.324341, 0.132532, 0.132532, 0, 54.56138, 16.3065, 16.54486, 21.71002, , 11, Ribeiro, -7.621887, 32.92847, 39.40967, 0, 31.75061, 25.75092, -31.13867, 20.73401, 16.0345, 0, 68.55055, 30.28227, 16.62703, 21.64125, , 12, Saarinen, -47.03156, -47.03156, -, -, -22.00092, -57.03949, -12.29956, 2.23396, 2.23396, 0, 55.06631, 16.21354, 16.87846, 21.97431, , 13, Schmidt, -40.55035, -5.818359, -50.55829, -15.51971, 11.06519, -20.2572, -34.40704, 51.68409, 15.979, 16.64428, 54.25401, 16.15844, 16.57633, 21.51924, , 14, Sharp, -37.69891, -17.40576, 13.91663, 2.039307, -11.18481, 7.363647, -30.07703, 48.87274, 16.04169, 16.62972, 55.12035, 16.11065, 16.75817, 22.25153, , 15, Surikov, -39.3725, 12.24304, 0.3657227, -4.640503, -33.22919, -12.8584, 5.690063, 50.9201, 16.03177, 16.75751, 54.46009, 16.13087, 16.62445, 21.70477, , 16, Vázquez, -33.3728, -6.858704, -27.22949, -13.07965, -25.75092, 13.65875, 7.177551, 45.31981, 16.2894, 16.7772, 55.20506, 16.25679, 16.87965, 22.06862, , 17, Vidal, 23.51678, 71.94604, 0, 56.88959, -, -, -, 48.87274, 17.66637, 16.76473, 57.39627, 17.84134, 17.1273, 22.42763, , 18, Wexler, -48.42926, -58.43719, -23.39862, -0.9370117, -8.69104, 3.186279, -28.13611, 63.09499, 15.85911, 16.49557, 53.99484, 15.99597, 16.60103, 21.39785, , 19, Woodford, -4.584839, 34.78766, 33.11407, 35.96552, -28.10162, 43.84442, -, 18.59142, 16.30785, 0, 55.24306, 16.35304, 16.98596, 21.90405, , 
0, Blanc, 0, 33.07904, 41.02789, 37.57184, 41.98212, -, -, 16.5484, 15.99784, 0, 64.58611, 26.49773, 16.56009, 21.52829, , 1, Chapman, -43.10162, -18.30237, 0, -43.10162, -8.623413, -3.885742, 8.12439, 69.54363, 17.64599, 18.35397, 58.91846, 17.6344, 18.29078, 22.99328, , 2, De Graaf, -24.79926, -17.21399, 19.78943, 1.481323, 15.3324, 12.77258, 16.22864, 39.68012, 16.14478, 16.68054, 55.0115, 16.14692, 16.83522, 22.02936, , 3, Flores, 10.28186, -13.51263, 43.3609, 51.30975, -, -, -, 7.004467, 7.004467, 0, 53.9236, 15.9474, 16.4296, 21.5466, , 4, Gonzalez, -34.47821, -28.37415, -14.41272, 16.7478, 10.11047, -26.89294, 12.05286, 49.12857, 16.20234, 16.90087, 54.33712, 16.05058, 16.60659, 21.67995, , 5, Holtz, -39.21588, 12.01013, 0, -4.737671, -33.11182, -12.9353, 5.372803, 58.2956, 17.91924, 18.46763, 59.54694, 17.69524, 18.37951, 23.47219, , 6, Lipponen, -51.22601, -, -, -, -8.12439, -26.42676, -61.50787, 8.955879, 8.955879, 0, 54.11195, 15.94667, 16.52707, 21.6382, , 7, Lundqvist, -20.06549, 26.46558, -12.48022, 24.52319, 17.50635, 20.9624, 13.01355, 34.68869, 15.96864, 16.49957, 54.30471, 16.04039, 16.57817, 21.68615, , 8, Moreno, -6.104065, 31.46777, 34.02759, 40.427, 26.97498, -29.89856, 35.87805, 22.07287, 16.19781, 0, 56.33569, 17.38343, 16.90671, 22.04555, , 9, North, -26.28058, 18.30811, 0, -20.17651, 20.25049, 13.85107, 11.29126, 41.04247, 16.21633, 16.73825, 54.47728, 16.15109, 16.70023, 21.62596, , 10, Oliveira, -44.58868, -1.487061, -44.58868, -, -54.87054, -10.11047, -5.372803, 2.40428, 2.40428, 0, 54.56138, 16.3065, 16.54486, 21.71002, , 11, Ribeiro, -7.585266, 32.54639, 38.9458, 0, 33.44263, 25.49377, -31.37976, 23.00577, 16.0345, 0, 68.55055, 30.28227, 16.62703, 21.64125, , 12, Saarinen, -46.53107, -46.53107, -, -, -21.73181, -56.81293, -12.05286, 4.505709, 4.505709, 0, 55.06631, 16.21354, 16.87846, 21.97431, , 13, Schmidt, -40.13165, -0.9157715, -5.653442, -50.41351, -20.06616, -34.02759, -13.85107, 53.95589, 15.979, 16.64428, 54.25401, 16.15844, 16.57633, 21.51924, , 14, Sharp, -37.57184, -17.50635, 13.65417, 1.644043, -11.29126, 7.016846, -29.98657, 51.14454, 16.04169, 16.62972, 55.12035, 16.11065, 16.75817, 22.25153, , 15, Surikov, -41.02789, -6.549683, -51.30975, -16.22864, 10.19812, -20.9624, -34.92383, 53.19191, 16.03177, 16.75751, 54.46009, 16.13087, 16.62445, 21.70477, , 16, Vázquez, -33.07904, -6.798462, -26.97498, -13.01355, -25.49377, 13.45203, 7.052612, 47.59161, 16.2894, 16.7772, 55.20506, 16.25679, 16.87965, 22.06862, , 17, Vidal, 23.79449, 65.77661, 0, 56.87354, -, -, -, 51.14454, 17.66637, 16.76473, 57.39627, 17.84134, 17.1273, 22.42763, , 18, Wexler, -41.98212, -52.26398, -17.18286, 1.119507, -2.766235, 9.243896, -21.91663, 65.36657, 15.85911, 16.49557, 53.99484, 15.99597, 16.60103, 21.39785, , 19, Woodford, -4.530579, 36.49731, 33.04126, 35.60107, -28.32507, 37.45154, -, 20.86318, 16.30785, 0, 55.24306, 16.35304, 16.98596, 21.90405, , 
0, Blanc, 0, 32.72571, 40.54297, 38.86169, 39.75793, -, -, 18.71395, 15.99784, 0, 64.58611, 26.49773, 16.56009, 21.52829, , 1, Chapman, -39.99036, -50.54565, -15.45081, 0, -1.536133, 10.82239, -20.21405, 0.3360091, 0.3360091, 0, 71.37312, 17.64599, 18.35397, 35.37317, , 2, De Graaf, -24.53955, -17.25354, 19.56836, 1.476563, 13.85852, 14.32214, 16.00342, 41.84568, 16.14478, 16.68054, 55.0115, 16.14692, 16.83522, 22.02936, , 3, Flores, 10.5553, -13.62726, 43.28101, 51.09827, -, -, -, 9.169993, 9.169993, 0, 53.9236, 15.9474, 16.4296, 21.5466, , 4, Gonzalez, -34.13171, -28.26331, -14.35541, 16.68103, 9.976196, -26.8457, 11.95972, 51.29412, 16.20234, 16.90087, 54.33712, 16.05058, 16.60659, 21.67995, , 5, Holtz, -38.45422, -18.67792, 12.35852, 0, -12.43811, 5.653687, -31.16821, 60.46116, 17.91924, 18.46763, 59.54694, 17.69524, 18.37951, 23.47219, , 6, Lipponen, -50.81274, -, -, -, -10.82239, -26.27319, -61.36804, 11.12141, 11.12141, 0, 54.11195, 15.94667, 16.52707, 21.6382, , 7, Lundqvist, -19.77631, 26.31512, -12.4903, 24.3316, 19.08539, 20.76666, 12.9494, 36.85425, 15.96864, 16.49957, 54.30471, 16.04039, 16.57817, 21.68615, , 8, Moreno, -5.868408, 32.99329, 32.52966, 40.22302, 26.8573, -30.05096, 33.88953, 24.23843, 16.19781, 0, 56.33569, 17.38343, 16.90671, 22.04555, , 9, North, -26.01611, 18.0918, 0, -20.14771, 20.07532, 12.38196, 12.84558, 43.20802, 16.21633, 16.73825, 54.47728, 16.15109, 16.70023, 21.62596, , 10, Oliveira, -44.10791, -4.117554, -44.10791, -, -54.66321, -9.976196, -5.653687, 4.569817, 4.569817, 0, 54.56138, 16.3065, 16.54486, 21.71002, , 11, Ribeiro, -7.286011, 31.11206, 38.80542, 0, 33.25696, 25.4397, -31.46857, 25.17133, 16.0345, 0, 68.55055, 30.28227, 16.62703, 21.64125, , 12, Saarinen, -46.09143, -46.09143, -, -, -21.55188, -56.64673, -11.95972, 6.671247, 6.671247, 0, 55.06631, 16.21354, 16.87846, 21.97431, , 13, Schmidt, -38.39807, 12.41467, 0.05615234, -4.266357, -32.52966, -12.38196, 5.709839, 56.12145, 15.979, 16.64428, 54.25401, 16.15844, 16.57633, 21.51924, , 14, Sharp, -38.86169, -0.4074707, -4.72998, -49.41699, -19.08539, -32.99329, -12.84558, 53.3101, 16.04169, 16.62972, 55.12035, 16.11065, 16.75817, 22.25153, , 15, Surikov, -40.54297, -16.00342, -0.5526123, -40.54297, -6.411255, -2.088745, 10.26978, 0.9102785, 0.9102785, 0, 54.44718, 16.03177, 16.75751, 21.6579, , 16, Vázquez, -32.72571, -6.709595, -26.8573, -12.9494, -25.4397, 13.36572, 5.672363, 49.75717, 16.2894, 16.7772, 55.20506, 16.25679, 16.87965, 22.06862, , 17, Vidal, 24.18256, 63.94049, 0, 56.90826, -, -, -, 53.3101, 17.66637, 16.76473, 57.39627, 17.84134, 17.1273, 22.42763, , 18, Wexler, -39.75793, -5.626221, -50.31323, -15.21838, 11.05481, -19.98163, -33.88953, 67.53204, 15.85911, 16.49557, 53.99484, 15.99597, 16.60103, 21.39785, , 19, Woodford, -4.395081, 36.14789, 34.46661, 34.00299, -28.57764, 35.36285, -, 23.02874, 16.30785, 0, 55.24306, 16.35304, 16.98596, 21.90405, , 
0, Blanc, 0, 32.33313, 40.05786, 38.42615, 37.77368, -, -, 20.90366, 15.99784, 0, 64.58611, 26.49773, 16.56009, 21.52829, , 1, Chapman, -38.00854, -2.390015, -48.83679, -13.7782, 12.40552, -18.46411, -32.46844, 2.525704, 2.525704, 0, 71.37312, 17.64599, 18.35397, 35.37317, , 2, De Graaf, -24.23035, -17.20233, 19.44727, 1.435974, 12.21155, 14.1958, 15.82751, 44.03545, 16.14478, 16.68054, 55.0115, 16.14692, 16.83522, 22.02936, , 3, Flores, 10.82825, -14.79028, 43.16138, 50.88611, -, -, -, 11.35968, 11.35968, 0, 53.9236, 15.9474, 16.4296, 21.5466, , 4, Gonzalez, -35.61853, -30.07843, -16.0741, 14.79553, 8.059082, -28.59052, 10.05286, 53.48389, 16.20234, 16.90087, 54.33712, 16.05058, 16.60659, 21.67995, , 5, Holtz, -36.00342, -16.45898, 14.41064, 0, -10.3371, 7.674194, -28.9754, 62.65093, 17.91924, 18.46763, 59.54694, 17.69524, 18.37951, 23.47219, , 6, Lipponen, -50.41406, -, -, -, -12.40552, -26.18372, -61.24231, 13.31109, 13.31109, 0, 54.11195, 15.94667, 16.52707, 21.6382, , 7, Lundqvist, -19.54443, 26.12695, -12.51642, 24.13318, 18.88171, 20.51343, 12.7887, 39.04402, 15.96864, 16.49957, 54.30471, 16.04039, 16.57817, 21.68615, , 8, Moreno, -5.5401, 32.88605, 30.90179, 40.13129, 26.79303, -31.15863, 32.23358, 26.42813, 16.19781, 0, 56.33569, 17.38343, 16.90671, 22.04555, , 9, North, -25.66632, 18.01129, 0, -20.12622, 20.00507, 10.77557, 12.75983, 45.39779, 16.21633, 16.73825, 54.47728, 16.15109, 16.70023, 21.62596, , 10, Oliveira, -43.67761, -5.669067, -43.67761, -, -54.50586, -8.059082, -7.674194, 6.759518, 6.759518, 0, 54.56138, 16.3065, 16.54486, 21.71002, , 11, Ribeiro, -7.028015, 29.41388, 38.64337, 0, 33.02985, 25.30511, -32.64655, 27.36104, 16.0345, 0, 68.55055, 30.28227, 16.62703, 21.64125, , 12, Saarinen, -45.67139, -45.67139, -, -, -21.44104, -56.49963, -10.05286, 8.860941, 8.860941, 0, 55.06631, 16.21354, 16.87846, 21.97431, , 13, Schmidt, -36.44189, 13.97217, -0.4384766, -0.8233643, -30.90179, -10.77557, 7.235718, 58.31122, 15.979, 16.64428, 54.25401, 16.15844, 16.57633, 21.51924, , 14, Sharp, -38.42615, -49.25439, -14.1958, -0.4176025, -2.422729, 11.98792, -18.88171, 1.376409, 1.376409, 0, 54.12342, 16.04169, 16.62972, 21.45202, , 15, Surikov, -40.05786, -15.82751, -2.049316, -40.05786, -4.439331, -4.054443, 10.3562, 3.099972, 3.099972, 0, 54.44718, 16.03177, 16.75751, 21.6579, , 16, Vázquez, -32.33313, -6.666809, -26.79303, -12.7887, -25.30511, 13.33826, 4.108765, 51.94694, 16.2894, 16.7772, 55.20506, 16.25679, 16.87965, 22.06862, , 17, Vidal, 25.61853, 63.39221, 0, 57.95166, -, -, -, 55.49987, 17.66637, 16.76473, 57.39627, 17.84134, 17.1273, 22.42763, , 18, Wexler, -37.77368, -1.770264, -2.155151, -48.60193, -18.22925, -32.23358, -12.10736, 1.758917, 1.758917, 0, 67.96275, 15.85911, 16.49557, 35.60807, , 19, Woodford, -4.118469, 35.93939, 34.30768, 32.32343, -29.737, 33.65521, -, 25.21844, 16.30785, 0, 55.24306, 16.35304, 16.98596, 21.90405, , 
0, Blanc, 0, 31.99646, 39.65466, 38.00952, 35.87061, -, -, 23.14834, 15.99784, 0, 64.58611, 26.49773, 16.56009, 21.52829, , 1, Chapman, -35.5835, -0.3812256, -46.58093, -11.56396, 14.49792, -16.21729, -30.30762, 4.77037, 4.77037, 0, 71.37312, 17.64599, 18.35397, 35.37317, , 2, De Graaf, -24.01953, -17.19159, 19.30579, 1.458496, 10.53357, 13.98999, 15.63513, 46.28011, 16.14478, 16.68054, 55.0115, 16.14692, 16.83522, 22.02936, , 3, Flores, 10.99744, -15.54749, 42.9939, 50.6521, -, -, -, 13.60433, 13.60433, 0, 53.9236, 15.9474, 16.4296, 21.5466, , 4, Gonzalez, -35.20227, 14.87915, -0.9980469, 0, -29.92639, -9.724243, 8.123047, 0.716974, 0.716974, 0, 55.0116, 16.20234, 16.90087, 21.9084, , 5, Holtz, -34.20422, -28.92834, -14.83801, 15.8772, 9.121094, -27.37628, 11.09839, 64.89555, 17.91924, 18.46763, 59.54694, 17.69524, 18.37951, 23.47219, , 6, Lipponen, -50.08142, -, -, -, -14.49792, -26.06189, -61.07886, 15.55575, 15.55575, 0, 54.11195, 15.94667, 16.52707, 21.6382, , 7, Lundqvist, -19.36621, 25.9364, -12.53827, 23.95911, 18.64331, 20.28845, 12.63025, 41.28867, 15.96864, 16.49957, 54.30471, 16.04039, 16.57817, 21.68615, , 8, Moreno, -5.275879, 32.73364, 29.27722, 40.02673, 26.72058, -31.8208, 30.59473, 28.67281, 16.19781, 0, 56.33569, 17.38343, 16.90671, 22.04555, , 9, North, -25.47803, 17.84729, 0, -20.20215, 19.82458, 9.075073, 12.53149, 47.64245, 16.21633, 16.73825, 54.47728, 16.15109, 16.70023, 21.62596, , 10, Oliveira, -43.32532, -7.741821, -43.32532, -, -54.32275, -8.123047, -9.121094, 9.004179, 9.004179, 0, 54.56138, 16.3065, 16.54486, 21.71002, , 11, Ribeiro, -6.827942, 27.72516, 38.47467, 0, 32.82672, 25.16852, -33.37286, 29.60571, 16.0345, 0, 68.55055, 30.28227, 16.62703, 21.64125, , 12, Saarinen, -45.30261, -45.30261, -, -, -21.28308, -56.30005, -10.10034, 11.1056, 11.1056, 0, 55.06631, 16.21354, 16.87846, 21.97431, , 13, Schmidt, -34.5531, -15.18689, 15.52832, -0.348877, -9.075073, 8.772217, -27.72516, 60.55587, 15.979, 16.64428, 54.25401, 16.15844, 16.57633, 21.51924, , 14, Sharp, -38.00952, -49.00696, -13.98999, -2.426025, -3.805298, 12.0719, -18.64331, 3.621069, 3.621069, 0, 54.12342, 16.04169, 16.62972, 21.45202, , 15, Surikov, -39.65466, -15.63513, -4.071167, -39.65466, -4.452393, -5.450439, 10.42676, 5.344638, 5.344638, 0, 54.44718, 16.03177, 16.75751, 21.6579, , 16, Vázquez, -31.99646, -6.518433, -26.72058, -12.63025, -25.16852, 13.30615, 2.556641, 54.19159, 16.2894, 16.7772, 55.20506, 16.25679, 16.87965, 22.06862, , 17, Vidal, 26.54492, 62.41553, 0, 58.54138, -, -, -, 57.74453, 17.66637, 16.76473, 57.39627, 17.84134, 17.1273, 22.42763, , 18, Wexler, -35.87061, -1.666382, -0.668335, -46.86804, -16.50439, -30.59473, -10.39258, 4.00358, 4.00358, 0, 67.96275, 15.85911, 16.49557, 35.60807, , 19, Woodford, -3.855713, 35.79895, 34.15381, 30.69739, -30.40063, 32.01489, -, 27.46312, 16.30785, 0, 55.24306, 16.35304, 16.98596, 21.90405, , 
0, Blanc, 0, 31.07642, 39.56726, 37.87305, 34.19983, -, -, 25.16575, 15.99784, 0, 64.58611, 26.49773, 16.56009, 21.52829, , 1, Chapman, -33.90491, 0.1871338, 1.095703, -44.70782, -14.54382, -28.64453, -8.462646, 6.787787, 6.787787, 0, 71.37312, 17.64599, 18.35397, 35.37317, , 2, De Graaf, -24.01514, -17.13422, 19.17468, 1.427124, 8.883911, 13.85791, 15.55212, 48.2975, 16.14478, 16.68054, 55.0115, 16.14692, 16.83522, 22.02936, , 3, Flores, 10.80292, -15.85419, 41.87933, 50.37018, -, -, -, 15.62176, 15.62176, 0, 53.9236, 15.9474, 16.4296, 21.5466, , 4, Gonzalez, -35.00061, 0, -45.80353, -10.98547, 14.96863, -15.63953, -29.74023, 2.734388, 2.734388, 0, 55.0116, 16.20234, 16.90087, 21.9084, , 5, Holtz, -34.09204, -28.83167, -14.73096, 15.8772, 9.097778, -27.21112, 11.08411, 66.9129, 17.91924, 18.46763, 59.54694, 17.69524, 18.37951, 23.47219, , 6, Lipponen, -49.96924, -, -, -, -16.06433, -25.9541, -60.77216, 17.57318, 15.83031, 0, 54.11195, 15.94667, 16.52707, 21.6382, , 7, Lundqvist, -19.36108, 25.81506, -12.48016, 23.82874, 18.51196, 20.20618, 11.71533, 43.30606, 15.96864, 16.49957, 54.30471, 16.04039, 16.57817, 21.68615, , 8, Moreno, -5.260376, 32.61267, 27.63867, 39.91577, 25.81604, -31.91748, 28.93945, 30.69022, 16.19781, 0, 56.33569, 17.38343, 16.90671, 22.04555, , 9, North, -25.44226, 17.74756, 0, -20.18188, 19.73389, 7.456787, 12.43079, 49.65984, 16.21633, 16.73825, 54.47728, 16.15109, 16.70023, 21.62596, , 10, Oliveira, -43.18982, -9.284912, -43.18982, -, -53.99274, -8.189209, -9.097778, 11.0216, 11.0216, 0, 54.56138, 16.3065, 16.54486, 21.71002, , 11, Ribeiro, -6.88092, 26.01813, 38.29523, 0, 32.68634, 24.1955, -33.53802, 31.62313, 16.0345, 0, 68.55055, 30.28227, 16.62703, 21.64125, , 12, Saarinen, -45.17615, -45.17615, -, -, -21.16101, -55.97906, -10.17554, 13.12302, 13.12302, 0, 55.06631, 16.21354, 16.87846, 21.97431, , 13, Schmidt, -32.89905, -13.53796, 17.07019, 1.192993, -7.456787, 10.29077, -26.01813, 0.51266, 0.51266, 0, 62.06059, 15.979, 16.64428, 29.43732, , 14, Sharp, -37.87305, -48.67596, -13.85791, -3.96814, -3.781006, 12.09619, -18.51196, 5.638489, 5.638489, 0, 54.12342, 16.04169, 16.62972, 21.45202, , 15, Surikov, -39.56726, -15.55212, -5.662354, -39.56726, -4.56665, -5.47522, 10.40198, 7.362056, 7.362056, 0, 54.44718, 16.03177, 16.75751, 21.6579, , 16, Vázquez, -31.07642, -5.634155, -25.81604, -11.71533, -24.1955, 14.09973, 1.822632, 56.20898, 16.2894, 16.7772, 55.20506, 16.25679, 16.87965, 22.06862, , 17, Vidal, 26.6571, 60.85693, 0, 57.73352, -, -, -, 59.76192, 17.66637, 16.76473, 57.39627, 17.84134, 17.1273, 22.42763, , 18, Wexler, -34.19983, 15.76941, -0.1077881, 0.8007813, -28.93945, -8.757568, 8.98999, 6.020997, 6.020997, 0, 67.96275, 15.85911, 16.49557, 35.60807, , 19, Woodford, -3.85199, 35.71527, 34.02106, 29.04706, -30.50909, 30.34784, -, 29.48053, 16.30785, 0, 55.24306, 16.35304, 16.98596, 21.90405, , 
0, Blanc, 0, 30.93927, 39.39423, 37.73883, 31.95197, -, -, 27.54451, 15.99784, 0, 64.58611, 26.49773, 16.56009, 21.52829, , 1, Chapman, -32.16791, -2.101074, 2.605713, -42.62823, -12.79736, -26.85858, -6.519409, 9.166508, 9.166508, 0, 71.37312, 17.64599, 18.35397, 35.37317, , 2, De Graaf, -23.92474, -17.01129, 19.10083, 1.723755, 8.837158, 13.81409, 15.46948, 50.67622, 16.14478, 16.68054, 55.0115, 16.14692, 16.83522, 22.02936, , 3, Flores, 10.46033, -16.33392, 41.3996, 49.85455, -, -, -, 18.00052, 15.81499, 0, 53.9236, 15.9474, 16.4296, 21.5466, , 4, Gonzalez, -34.77362, 0, -45.23395, -10.84888, 15.05847, -15.40308, -29.46429, 5.113127, 5.113127, 0, 55.0116, 16.20234, 16.90087, 21.9084, , 5, Holtz, -30.06683, -24.75751, -10.69629, 19.76526, 12.95874, -23.15338, 14.92883, 69.29163, 17.91924, 18.46763, 59.54694, 17.69524, 18.37951, 23.47219, , 6, Lipponen, -49.83209, -, -, -, -17.66418, -25.90735, -60.29242, 19.95194, 15.83031, 0, 54.11195, 15.94667, 16.52707, 21.6382, , 7, Lundqvist, -19.37054, 25.62512, -12.45709, 23.65503, 18.36829, 20.02368, 11.56873, 45.68479, 15.96864, 16.49957, 54.30471, 16.04039, 16.57817, 21.68615, , 8, Moreno, -5.309326, 32.4295, 27.45258, 39.68634, 25.62994, -32.10358, 26.64264, 33.06895, 16.19781, 16.87114, 56.33569, 17.38343, 16.90671, 22.04555, , 9, North, -25.6485, 17.37708, 0, -20.33917, 19.34717, 7.113403, 12.09033, 52.03856, 16.21633, 16.73825, 54.47728, 16.15109, 16.70023, 21.62596, , 10, Oliveira, -43.02557, -10.85767, -43.02557, -, -53.4859, -8.251953, -12.95874, 13.40032, 13.40032, 0, 54.56138, 16.3065, 16.54486, 21.71002, , 11, Ribeiro, -6.913452, 25.84845, 38.08221, 0, 32.48077, 24.02582, -33.7077, 34.00185, 16.0345, 16.45005, 68.55055, 30.28227, 16.62703, 21.64125, , 12, Saarinen, -44.99567, -44.99567, -, -, -21.07092, -55.45599, -10.22205, 15.50174, 15.50174, 0, 55.06631, 16.21354, 16.87846, 21.97431, , 13, Schmidt, -32.7619, -13.39136, 17.07019, -2.695068, -7.113403, 10.26367, -25.84845, 2.891394, 2.891394, 0, 62.06059, 15.979, 16.64428, 29.43732, , 14, Sharp, -37.73883, -48.19916, -13.81409, -5.570923, -7.671997, 12.09326, -18.36829, 8.017228, 8.017228, 0, 54.12342, 16.04169, 16.62972, 21.45202, , 15, Surikov, -39.39423, -15.46948, -7.226318, -39.39423, -4.620605, -9.327393, 10.43787, 9.740781, 9.740781, 0, 54.44718, 16.03177, 16.75751, 21.6579, , 16, Vázquez, -30.93927, -5.290771, -25.62994, -11.56873, -24.02582, 14.0564, 1.822632, 58.58771, 16.2894, 16.7772, 55.20506, 16.25679, 16.87965, 22.06862, , 17, Vidal, 26.79425, 58.74622, 0, 57.73352, -, -, -, 62.14064, 17.66637, 16.76473, 57.39627, 17.84134, 17.1273, 22.42763, , 18, Wexler, -31.95197, 17.88013, -1.885132, 2.821655, -26.64264, -6.303467, 11.07361, 8.399734, 8.399734, 0, 67.96275, 15.85911, 16.49557, 35.60807, , 19, Woodford, -3.899475, 35.49475, 33.83936, 28.86243, -30.69373, 28.05249, -, 31.8593, 16.30785, 0, 55.24306, 16.35304, 16.98596, 21.90405, , 
0, Blanc, 0, 30.79669, 39.22748, 37.5849, 30.13092, -, -, 29.6128, 15.99784, 0, 64.58611, 26.49773, 16.56009, 21.52829, , 1, Chapman, -30.38348, -2.655029, 4.212891, -40.59601, -11.01611, -25.20184, -3.341797, 11.23478, 11.23478, 0, 71.37312, 17.64599, 18.35397, 35.37317, , 2, De Graaf, -23.8067, -16.84918, 19.02747, 3.234985, 8.812622, 13.7782, 15.42078, 52.74447, 16.14478, 16.68054, 55.0115, 16.14692, 16.83522, 22.02936, , 3, Flores, 10.21252, -23.5769, 41.00922, 49.44, -, -, -, 20.06881, 15.81499, 0, 53.9236, 15.9474, 16.4296, 21.5466, , 4, Gonzalez, -34.59637, 0, -44.8089, -10.78967, 15.09314, -15.229, -29.41473, 7.181407, 7.181407, 0, 55.0116, 16.20234, 16.90087, 21.9084, , 5, Holtz, -27.72845, -22.54681, -8.361084, 21.96106, 15.10571, -20.77094, 17.02917, 71.35966, 17.91924, 18.46763, 59.54694, 17.69524, 18.37951, 23.47219, , 6, Lipponen, -49.68951, -, -, -, -19.30603, -25.88281, -59.90204, 22.02023, 15.83031, 0, 54.11195, 15.94667, 16.52707, 21.6382, , 7, Lundqvist, -19.36737, 25.39026, -12.40985, 23.4668, 18.21753, 19.86011, 11.42932, 47.75304, 15.96864, 16.49957, 54.30471, 16.04039, 16.57817, 21.68615, , 8, Moreno, -5.181641, 32.40326, 27.43768, 39.57599, 25.61505, -38.97107, 24.94928, 35.1372, 16.19781, 16.87114, 56.33569, 17.38343, 16.90671, 22.04555, , 9, North, -27.04169, 0, -21.86005, -7.674316, -20.08417, 17.71594, 5.577637, 54.10681, 16.21633, 16.73825, 54.47728, 16.15109, 16.70023, 21.62596, , 10, Oliveira, -42.83417, -12.45068, -42.83417, -, -53.04669, -8.237793, -15.10571, 15.46859, 15.46859, 0, 54.56138, 16.3065, 16.54486, 21.71002, , 11, Ribeiro, -6.95752, 25.6618, 37.80011, 0, 32.26996, 23.83917, -40.74695, 36.0701, 16.0345, 16.45005, 68.55055, 30.28227, 16.62703, 21.64125, , 12, Saarinen, -44.75763, -44.75763, -, -, -20.95093, -54.97015, -10.16125, 17.57002, 16.21458, 0, 55.06631, 16.21354, 16.87846, 21.97431, , 13, Schmidt, -32.61932, -13.25195, 17.07019, -4.890869, -5.577637, 10.21484, -25.6618, 4.959672, 4.959672, 0, 62.06059, 15.979, 16.64428, 29.43732, , 14, Sharp, -37.5849, -47.79742, -13.7782, -7.201416, -9.856445, 12.10461, -18.21753, 10.0855, 10.0855, 0, 54.12342, 16.04169, 16.62972, 21.45202, , 15, Surikov, -39.22748, -15.42078, -8.843994, -39.22748, -4.631104, -11.49902, 10.46204, 11.80905, 11.80905, 0, 54.44718, 16.03177, 16.75751, 21.6579, , 16, Vázquez, -30.79669, 12.03748, -3.755005, -25.61505, 13.96094, 1.822632, 6.788208, 60.65596, 16.2894, 16.7772, 55.20506, 16.25679, 16.87965, 22.06862, , 17, Vidal, 33.78943, 63.92035, 0, 64.58612, -, -, -, 64.20885, 17.66637, 16.76473, 57.39627, 17.84134, 17.1273, 22.42763, , 18, Wexler, -30.13092, 19.55859, -2.402466, 4.465454, -24.94928, -3.089233, 12.70325, 10.468, 10.468, 0, 67.96275, 15.85911, 16.49557, 35.60807, , 19, Woodford, -3.858215, 35.36926, 33.72668, 28.76111, -37.64764, 26.27271, -, 33.92754, 16.30785, 16.83081, 55.24306, 16.35304, 16.98596, 21.90405, , 
0, Blanc, 0, 30.60199, 39.039, 37.3692, 28.67633, -, -, 31.83619, 15.99784, 0, 64.58611, 26.49773, 16.56009, 21.52829, , 1, Chapman, -29.06073, -3.104492, 5.313477, -39.01917, -9.832275, -23.9903, -2.360352, 13.45811, 13.45811, 0, 71.37312, 17.64599, 18.35397, 35.37317, , 2, De Graaf, -23.6004, -16.63513, 18.96619, 3.099976, 2.328857, 13.7688, 15.4386, 54.96785, 16.14478, 16.68054, 55.0115, 16.14692, 16.83522, 22.02936, , 3, Flores, 9.958435, -26.66638, 40.56042, 48.99744, -, -, -, 22.29219, 15.81499, 0, 53.9236, 15.9474, 16.4296, 21.5466, , 4, Gonzalez, -34.37421, 0, -44.33264, -10.7738, 15.12061, -15.14575, -29.30377, 9.404732, 9.404732, 0, 55.0116, 16.20234, 16.90087, 21.9084, , 5, Holtz, -25.95624, -20.8858, -6.727783, 23.53857, 16.61035, -18.99097, 18.51184, 1.776788, 1.776788, 0, 71.80612, 17.91924, 18.46763, 35.41925, , 6, Lipponen, -49.49481, -, -, -, -20.43408, -25.89441, -59.45325, 24.24361, 15.83031, 0, 54.11195, 15.94667, 16.52707, 21.6382, , 7, Lundqvist, -19.22845, 25.23962, -12.26318, 23.33813, 18.14075, 19.81055, 11.37354, 49.97642, 15.96864, 16.49957, 54.30471, 16.04039, 16.57817, 21.68615, , 8, Moreno, -5.070435, 32.29877, 20.85883, 39.39764, 25.53156, -41.69525, 23.6059, 37.36058, 16.19781, 16.87114, 56.33569, 17.38343, 16.90671, 22.04555, , 9, North, -26.70038, -7.471924, 22.79443, -0.7441406, 0, 15.86621, -19.73511, 1.586401, 1.586401, 0, 54.74376, 16.21633, 16.73825, 21.78918, , 10, Oliveira, -42.56659, -13.50586, -42.56659, -, -52.52502, -8.192383, -16.61035, 17.69197, 16.14193, 0, 54.56138, 16.3065, 16.54486, 21.71002, , 11, Ribeiro, -6.965271, 18.96399, 37.50281, 0, 32.07373, 23.63672, -43.59009, 38.29348, 16.0345, 16.45005, 68.55055, 30.28227, 16.62703, 21.64125, , 12, Saarinen, -44.46808, -44.46808, -, -, -20.86768, -54.42651, -10.09387, 19.7934, 16.21458, 0, 55.06631, 16.21354, 16.87846, 21.97431, , 13, Schmidt, -25.92926, 0.7711182, -20.85883, -6.700806, -18.96399, 18.53882, 0, 7.183006, 7.183006, 0, 62.06059, 15.979, 16.64428, 29.43732, , 14, Sharp, -37.3692, -47.32764, -13.7688, -8.308472, -11.41296, 12.12561, -18.14075, 12.30883, 12.30883, 0, 54.12342, 16.04169, 16.62972, 21.45202, , 15, Surikov, -39.039, -15.4386, -9.978271, -39.039, -4.664795, -13.08276, 10.45581, 14.03238, 14.03238, 0, 54.44718, 16.03177, 16.75751, 21.6579, , 16, Vázquez, -30.60199, 11.9646, -3.901611, -25.53156, 13.86609, -4.672729, 6.767212, 62.87934, 16.2894, 16.7772, 55.20506, 16.25679, 16.87965, 22.06862, , 17, Vidal, 36.62482, 65.30115, 0, 67.22681, -, -, -, 66.43189, 17.66637, 16.76473, 57.39627, 17.84134, 17.1273, 22.42763, , 18, Wexler, -28.67633, 20.81848, -2.720093, 5.697876, -23.6059, -1.975952, 13.89026, 12.69133, 12.69133, 0, 67.96275, 15.85911, 16.49557, 35.60807, , 19, Woodford, -3.790222, 35.24878, 33.57898, 22.13904, -40.41504, 24.88611, -, 36.15092, 16.30785, 16.83081, 55.24306, 16.35304, 16.98596, 21.90405, , 
0, Blanc, 0, 30.45636, 38.84088, 37.2121, 27.67194, -, -, 34.02147, 15.99784, 16.45398, 64.58611, 26.49773, 16.56009, 21.52829, , 1, Chapman, -28.27313, -4.021851, 5.920654, -38.2818, -7.974121, -23.23981, -1.877686, 15.64332, 15.64332, 0, 71.37312, 17.64599, 18.35397, 35.37317, , 2, De Graaf, -21.66278, 20.68884, 4.732666, -16.62946, 22.61792, 2.291138, 15.54932, 57.15313, 16.14478, 16.68054, 55.0115, 16.14692, 16.83522, 22.02936, , 3, Flores, 10.00867, -28.2486, 40.46503, 48.84955, -, -, -, 24.47741, 15.81499, 0, 53.9236, 15.9474, 16.4296, 21.5466, , 4, Gonzalez, -34.19379, 0, -44.20245, -12.53101, 15.1554, -13.89478, -29.16046, 11.58995, 11.58995, 0, 55.0116, 16.20234, 16.90087, 21.9084, , 5, Holtz, -24.25128, -19.21796, -3.952271, 25.0979, 18.10034, -17.23596, 20.02942, 3.962006, 3.962006, 0, 71.80612, 17.91924, 18.46763, 35.41925, , 6, Lipponen, -49.34918, -, -, -, -21.07605, -27.6864, -59.35785, 26.42883, 15.83031, 0, 54.11195, 15.94667, 16.52707, 21.6382, , 7, Lundqvist, -20.29901, 23.98169, -13.28369, 22.05261, 16.91309, 18.54187, 10.15735, 52.1617, 15.96864, 16.49957, 54.30471, 16.04039, 16.57817, 21.68615, , 8, Moreno, -5.033325, 32.17877, 18.92059, 39.24738, 25.42303, -43.29059, 22.63861, 39.54586, 16.19781, 16.87114, 56.33569, 17.38343, 16.90671, 22.04555, , 9, North, -26.39545, -6.096436, 22.95374, -2.144165, 0, 15.95618, -19.38013, 3.771618, 3.771618, 0, 54.74376, 16.21633, 16.73825, 21.78918, , 10, Oliveira, -42.35162, -14.07849, -42.35162, -, -52.36029, -8.157837, -18.10034, 19.87718, 16.14193, 0, 54.56138, 16.3065, 16.54486, 21.71002, , 11, Ribeiro, -7.01532, 16.9386, 37.26538, 0, 31.82556, 23.44104, -45.27258, 40.47876, 16.0345, 16.45005, 68.55055, 30.28227, 16.62703, 21.64125, , 12, Saarinen, -44.2807, -44.2807, -, -, -22.61792, -54.28937, -10.08691, 21.97862, 16.21458, 0, 55.06631, 16.21354, 16.87846, 21.97431, , 13, Schmidt, -23.95392, 2.441528, -18.92059, -3.654907, -16.9386, 20.32678, 0, 9.368231, 9.368231, 0, 62.06059, 15.979, 16.64428, 29.43732, , 14, Sharp, -37.2121, -47.22076, -15.54932, -8.938965, -12.96082, 12.13708, -16.91309, 14.49404, 14.49404, 0, 54.12342, 16.04169, 16.62972, 21.45202, , 15, Surikov, -38.84088, -17.1781, -10.56775, -38.84088, -4.647095, -14.5896, 10.5083, 16.2176, 16.08501, 0, 54.44718, 16.03177, 16.75751, 21.6579, , 16, Vázquez, -30.45636, -23.44104, 11.89526, -4.060913, -6.502441, 6.755737, 8.384521, 65.06445, 16.2894, 16.7772, 55.20506, 16.25679, 16.87965, 22.06862, , 17, Vidal, 38.25726, 65.9292, 0, 68.71362, -, -, -, 68.61692, 17.66637, 16.76473, 57.39627, 17.84134, 17.1273, 22.42763, , 18, Wexler, -27.67194, 21.67725, -3.420654, 6.521851, -22.63861, -1.276489, 14.67969, 14.87655, 14.87655, 0, 67.96275, 15.85911, 16.49557, 35.60807, , 19, Woodford, -3.824402, 35.01648, 33.3877, 20.12952, -42.08167, 23.84753, -, 38.3362, 16.30785, 16.83081, 55.24306, 16.35304, 16.98596, 21.90405, , 
0, Blanc, 0, 30.25482, 38.55585, 36.89386, 27.32074, -, -, 36.39352, 15.99784, 16.45398, 64.58611, 26.49773, 16.56009, 21.52829, , 1, Chapman, -28.07062, -6.107056, 5.896362, -38.14093, -7.336914, -23.09076, -1.921631, 18.01544, 18.01544, 0, 71.37312, 17.64599, 18.35397, 35.37317, , 2, De Graaf, -20.8764, -13.8772, 21.1875, 5.272583, 0.7697754, 16.01746, 17.67944, 59.52518, 16.14478, 16.68054, 55.0115, 16.14692, 16.83522, 22.02936, , 3, Flores, 10.07031, -29.85168, 40.32513, 48.62616, -, -, -, 26.84952, 15.81499, 0, 53.9236, 15.9474, 16.4296, 21.5466, , 4, Gonzalez, -33.96698, 0, -44.03729, -13.09058, 15.18066, -13.23328, -28.98712, 13.96206, 13.96206, 0, 55.0116, 16.20234, 16.90087, 21.9084, , 5, Holtz, -21.96356, -16.9837, -1.229858, 27.18408, 20.10034, -14.96436, 22.09265, 6.334115, 6.334115, 0, 71.80612, 17.91924, 18.46763, 35.41925, , 6, Lipponen, -49.14764, -, -, -, -21.07703, -28.27124, -59.21796, 28.80094, 15.83031, 0, 54.11195, 15.94667, 16.52707, 21.6382, , 7, Lundqvist, -20.7337, 21.3302, 5.415283, -15.75385, 23.32251, 0.9124756, 16.16016, 0.4133024, 0.4133024, 0, 54.12044, 15.96864, 16.49957, 21.65223, , 8, Moreno, -4.979858, 31.914, 16.66632, 39.07635, 25.27496, -44.90186, 22.34088, 41.91791, 16.19781, 16.87114, 56.33569, 17.38343, 16.90671, 22.04555, , 9, North, -26.14899, -5.415283, 22.99866, -4.185425, 0, 15.91492, -19.14978, 6.14373, 6.14373, 0, 54.74376, 16.21633, 16.73825, 21.78918, , 10, Oliveira, -42.0639, -13.99329, -42.0639, -, -52.13422, -8.096924, -20.10034, 22.2493, 16.14193, 0, 54.56138, 16.3065, 16.54486, 21.71002, , 11, Ribeiro, -6.999207, 14.64697, 37.05701, 0, 31.55664, 23.25562, -46.9212, 42.85081, 16.0345, 16.45005, 68.55055, 30.28227, 16.62703, 21.64125, , 12, Saarinen, -44.05621, -44.05621, -, -, -23.17981, -54.12653, -10.08923, 24.35073, 16.21458, 0, 55.06631, 16.21354, 16.87846, 21.97431, , 13, Schmidt, -21.64618, 4.502808, -16.66632, -0.9124756, -14.64697, 22.41003, 0, 11.74035, 11.74035, 0, 62.06059, 15.979, 16.64428, 29.43732, , 14, Sharp, -36.89386, -46.96417, -16.01746, -8.823242, -14.9303, 12.25378, -16.16016, 16.86617, 16.06958, 0, 54.12342, 16.04169, 16.62972, 21.45202, , 15, Surikov, -38.55585, -17.67944, -10.48523, -38.55585, -4.588867, -16.59229, 10.5918, 18.58971, 16.08501, 0, 54.44718, 16.03177, 16.75751, 21.6579, , 16, Vázquez, -30.25482, 13.80139, -23.25562, 11.80908, 6.639038, 8.301025, 0, 67.43663, 16.2894, 16.7772, 55.20506, 16.25679, 16.87965, 22.06862, , 17, Vidal, 39.922, 67.24274, 0, 70.17682, -, -, -, 70.9891, 17.66637, 16.76473, 57.39627, 17.84134, 17.1273, 22.42763, , 18, Wexler, -27.32074, 21.8269, -5.357178, 6.64624, -22.34088, -1.171753, 14.74316, 17.24867, 17.24867, 0, 67.96275, 15.85911, 16.49557, 35.60807, , 19, Woodford, -3.82959, 34.72626, 33.06427, 17.81659, -43.75159, 23.49115, -, 40.70826, 16.30785, 16.83081, 55.24306, 16.35304, 16.98596, 21.90405, , 
0, Blanc, 0, 30.06995, 38.29102, 36.62329, 27.104, -, -, 38.37411, 15.99784, 16.45398, 64.58611, 26.49773, 16.56009, 21.52829, , 1, Chapman, -27.87012, -7.687988, 5.857788, -38.00055, -7.319824, -22.98682, -1.916138, 19.99601, 19.99601, 0, 71.37312, 17.64599, 18.35397, 35.37317, , 2, De Graaf, -20.69153, -13.7702, 21.16479, 5.262451, -0.7906494, 15.93176, 17.59949, 61.50577, 16.14478, 16.68054, 55.0115, 16.14692, 16.83522, 22.02936, , 3, Flores, 10.13043, -31.45844, 40.20038, 48.42145, -, -, -, 28.83009, 15.81499, 0, 53.9236, 15.9474, 16.4296, 21.5466, , 4, Gonzalez, -33.72791, 0, -43.85834, -13.03638, 15.23486, -13.17761, -28.8446, 15.94259, 15.94259, 0, 55.0116, 16.20234, 16.90087, 21.9084, , 5, Holtz, -20.18213, 5.771851, -15.29883, 0.3681641, -13.2608, 23.65051, -0.28125, 8.314642, 8.314642, 0, 71.80612, 17.91924, 18.46763, 35.41925, , 6, Lipponen, -48.96277, -, -, -, -21.09265, -28.27124, -59.0932, 30.78151, 15.83031, 0, 54.11195, 15.94667, 16.52707, 21.6382, , 7, Lundqvist, -20.55029, -15.66699, 0, 28.41248, 21.30603, -13.62897, 23.28235, 2.393833, 2.393833, 0, 54.12044, 15.96864, 16.49957, 21.65223, , 8, Moreno, -4.883301, 31.73999, 15.01758, 38.94934, 25.18665, -46.47217, 22.2207, 43.8985, 16.19781, 16.87114, 56.33569, 17.38343, 16.90671, 22.04555, , 9, North, -25.95398, -5.403687, 23.00879, -5.771851, 0, 15.90234, -19.03265, 8.124254, 8.124254, 0, 54.74376, 16.21633, 16.73825, 21.78918, , 10, Oliveira, -41.85632, -13.98621, -41.85632, -, -51.98676, -8.128418, -21.67419, 24.22987, 16.14193, 0, 54.56138, 16.3065, 16.54486, 21.71002, , 11, Ribeiro, -6.921326, 12.97955, 36.91132, 0, 31.36969, 23.14862, -48.51019, 44.8314, 16.0345, 16.45005, 68.55055, 30.28227, 16.62703, 21.64125, , 12, Saarinen, -43.83264, -43.83264, -, -, -23.14111, -53.96307, -10.10474, 26.3313, 16.21458, 0, 55.06631, 16.21354, 16.87846, 21.97431, , 13, Schmidt, -19.90088, 21.95544, 6.053101, -15.01758, 23.93176, 0, 16.72241, 13.72087, 13.72087, 0, 62.06059, 15.979, 16.64428, 29.43732, , 14, Sharp, -36.62329, -46.75372, -15.93176, -8.753174, -16.44116, 12.33948, -16.073, 18.84674, 16.06958, 0, 54.12342, 16.04169, 16.62972, 21.45202, , 15, Surikov, -38.29102, -17.59949, -10.4209, -38.29102, -4.56311, -18.10889, 10.67175, 20.57028, 16.08501, 0, 54.44718, 16.03177, 16.75751, 21.6579, , 16, Vázquez, -30.06995, 13.7627, -23.14862, 11.78638, 6.553345, 8.221069, 0, 69.41714, 16.2894, 16.7772, 55.20506, 16.25679, 16.87965, 22.06862, , 17, Vidal, 41.58887, 68.69287, 0, 71.65881, -, -, -, 1.81773, 1.81773, 0, 71.15191, 17.66637, 16.76473, 36.72081, , 18, Wexler, -27.104, 21.85876, -6.921875, 6.623901, -22.2207, -1.150024, 14.75232, 19.22924, 19.22924, 0, 67.96275, 15.85911, 16.49557, 35.60807, , 19, Woodford, -3.79126, 34.49976, 32.83203, 16.10962, -45.38013, 23.31274, -, 42.68885, 16.30785, 16.83081, 55.24306, 16.35304, 16.98596, 21.90405, , 
0, Blanc, 0, 29.88074, 38.04736, 36.30884, 26.94287, -, -, 40.74826, 15.99784, 16.45398, 64.58611, 26.49773, 16.56009, 21.52829, , 1, Chapman, -27.65417, -9.328491, 5.812622, -37.80737, -7.318848, -22.93103, -1.88623, 22.37009, 22.37009, 0, 71.37312, 17.64599, 18.35397, 35.37317, , 2, De Graaf, -14.63708, -7.70813, 26.97913, 11.13086, 3.533691, 21.67175, 23.41028, 63.87992, 16.14478, 16.68054, 55.0115, 16.14692, 16.83522, 22.02936, , 3, Flores, 10.1532, -33.60089, 40.03394, 48.20056, -, -, -, 31.20418, 15.81499, 0, 53.9236, 15.9474, 16.4296, 21.5466, , 4, Gonzalez, -33.4668, 0, -43.62, -18.82971, 15.30676, -13.13147, -28.74365, 18.31668, 16.22539, 0, 55.0116, 16.20234, 16.90087, 21.9084, , 5, Holtz, -18.32568, 7.442261, -13.60254, 2.009644, -11.39673, 25.2821, -0.1549072, 10.68876, 10.68876, 0, 71.80612, 17.91924, 18.46763, 35.41925, , 6, Lipponen, -48.77356, -, -, -, -21.11938, -34.13647, -58.92676, 33.15559, 15.83031, 16.32644, 54.11195, 15.94667, 16.52707, 21.6382, , 7, Lundqvist, -20.33533, -15.61218, 0, 28.43823, 21.28088, -13.40637, 23.27246, 4.767966, 4.767966, 0, 54.12044, 15.96864, 16.49957, 21.65223, , 8, Moreno, -4.723145, 31.58569, 13.44763, 38.88464, 25.15759, -48.47723, 22.21973, 46.27265, 16.19781, 16.87114, 56.33569, 17.38343, 16.90671, 22.04555, , 9, North, -25.76794, -5.432617, 23.00562, -7.442261, 0, 15.84827, -18.83899, 10.49837, 10.49837, 0, 54.74376, 16.21633, 16.73825, 21.78918, , 10, Oliveira, -41.61621, -13.96204, -41.61621, -, -51.76941, -8.149414, -23.29053, 26.60395, 16.14193, 0, 54.56138, 16.3065, 16.54486, 21.71002, , 11, Ribeiro, -6.928955, 11.24182, 36.67883, 0, 31.11841, 22.95178, -50.68304, 47.20555, 16.0345, 16.45005, 68.55055, 30.28227, 16.62703, 21.64125, , 12, Saarinen, -43.60779, -43.60779, -, -, -28.9707, -53.76099, -10.14099, 28.70539, 16.21458, 0, 55.06631, 16.21354, 16.87846, 21.97431, , 13, Schmidt, -18.17078, 23.44543, 7.597168, -13.44763, 25.43701, 0, 18.13806, 16.09499, 16.09499, 0, 62.06059, 15.979, 16.64428, 29.43732, , 14, Sharp, -36.30884, -46.46204, -21.67175, -8.654663, -17.98315, 12.46472, -15.97351, 21.22083, 16.06958, 0, 54.12342, 16.04169, 16.62972, 21.45202, , 15, Surikov, -38.04736, -23.41028, -10.39319, -38.04736, -4.580566, -19.72168, 10.7262, 22.94437, 16.08501, 0, 54.44718, 16.03177, 16.75751, 21.6579, , 16, Vázquez, -29.88074, 13.72705, -22.95178, 11.73547, 6.428101, 8.166626, 0, 71.79116, 16.2894, 16.7772, 55.20506, 16.25679, 16.87965, 22.06862, , 17, Vidal, 43.75409, 70.69696, 0, 73.63483, -, -, -, 4.191864, 4.191864, 0, 71.15191, 17.66637, 16.76473, 36.72081, , 18, Wexler, -26.94287, 21.83069, -8.617188, 6.523926, -22.21973, -1.174927, 14.67334, 21.60333, 21.60333, 0, 67.96275, 15.85911, 16.49557, 35.60807, , 19, Woodford, -3.664917, 34.38245, 32.64392, 14.50586, -47.41901, 23.27795, -, 45.063, 16.30785, 16.83081, 55.24306, 16.35304, 16.98596, 21.90405, , 
0, Blanc, 0, 29.7179, 37.87463, 36.09973, 26.79553, -, -, 42.97076, 15.99784, 16.45398, 64.58611, 26.49773, 16.56009, 21.52829, , 1, Chapman, -27.4895, -10.7334, 5.719238, -37.65906, -7.318604, -22.86401, -1.906372, 24.59255, 24.59255, 0, 71.37312, 17.64599, 18.35397, 35.37317, , 2, De Graaf, -12.74902, -5.87561, 28.65161, 12.83411, 3.628296, 23.35071, 25.12561, 66.10224, 16.14478, 16.68054, 55.0115, 16.14692, 16.83522, 22.02936, , 3, Flores, 10.16956, -35.20844, 39.88745, 48.04419, -, -, -, 33.42663, 15.81499, 16.45416, 53.9236, 15.9474, 16.4296, 21.5466, , 4, Gonzalez, -33.20874, 0, -43.3783, -20.45972, 15.40198, -13.03784, -28.58325, 20.53914, 16.22539, 0, 55.0116, 16.20234, 16.90087, 21.9084, , 5, Holtz, -16.7561, 8.827026, -12.13062, 3.414795, -9.88269, 26.677, -0.3787842, 12.91125, 12.91125, 0, 71.80612, 17.91924, 18.46763, 35.41925, , 6, Lipponen, -48.61072, -, -, -, -21.12122, -35.86169, -58.78027, 35.37809, 15.83031, 16.32644, 54.11195, 15.94667, 16.52707, 21.6382, , 7, Lundqvist, -20.1709, -15.54541, 0, 28.43982, 21.22974, -13.29749, 23.26221, 6.990429, 6.990429, 0, 54.12044, 15.96864, 16.49957, 21.65223, , 8, Moreno, -4.625488, 31.47424, 11.75183, 38.80762, 25.09241, -50.00348, 22.17004, 48.49515, 16.19781, 16.87114, 56.33569, 17.38343, 16.90671, 22.04555, , 9, North, -25.58313, -5.412231, 23.02759, -8.827026, 0, 15.8175, -18.70972, 12.72086, 12.72086, 0, 54.74376, 16.21633, 16.73825, 21.78918, , 10, Oliveira, -41.40063, -13.91113, -41.40063, -, -51.57019, -8.191895, -24.64453, 28.82641, 16.14193, 0, 54.56138, 16.3065, 16.54486, 21.71002, , 11, Ribeiro, -6.873413, 9.503906, 36.55969, 0, 31.00122, 22.84448, -52.2514, 49.42805, 16.0345, 16.45005, 68.55055, 30.28227, 16.62703, 21.64125, , 12, Saarinen, -43.43311, -43.43311, -, -, -30.68408, -53.60266, -10.22437, 30.92785, 16.21458, 0, 55.06631, 16.21354, 16.87846, 21.97431, , 13, Schmidt, -16.37732, 25.02332, 9.205811, -11.75183, 27.05579, 0, 19.72241, 18.31744, 18.31744, 0, 62.06059, 15.979, 16.64428, 29.43732, , 14, Sharp, -36.09973, -46.26929, -23.35071, -8.610229, -19.34363, 12.51099, -15.92883, 23.44328, 16.06958, 0, 54.12342, 16.04169, 16.62972, 21.45202, , 15, Surikov, -37.87463, -25.12561, -10.38513, -37.87463, -4.665894, -21.11853, 10.73608, 25.16683, 16.08501, 0, 54.44718, 16.03177, 16.75751, 21.6579, , 16, Vázquez, -29.7179, 13.71521, -22.84448, 11.68274, 6.381836, 8.156738, 0, 74.01345, 16.2894, 16.7772, 55.20506, 16.25679, 16.87965, 22.06862, , 17, Vidal, 45.37799, 72.17352, 0, 75.09589, -, -, -, 6.414327, 6.414327, 0, 71.15191, 17.66637, 16.76473, 36.72081, , 18, Wexler, -26.79553, 21.81519, -10.03943, 6.413208, -22.17004, -1.212402, 14.6051, 23.82579, 23.82579, 0, 67.96275, 15.85911, 16.49557, 35.60807, , 19, Woodford, -3.56958, 34.30505, 32.53015, 12.80774, -48.94757, 23.22595, -, 47.2855, 16.30785, 16.83081, 55.24306, 16.35304, 16.98596, 21.90405, , 
0, Blanc, 0, 29.62115, 37.7536, 35.96478, 26.70575, -, -, 44.9777, 15.99784, 16.45398, 64.58611, 26.49773, 16.56009, 21.52829, , 1, Chapman, -27.37079, -11.42578, 5.718384, -37.45886, -7.320313, -22.81812, -1.920532, 26.59956, 26.1323, 0, 71.37312, 17.64599, 18.35397, 35.37317, , 2, De Graaf, -11.07428, -3.599731, 30.18628, 14.37598, 4.22998, 24.8905, 26.67932, 68.10902, 16.14478, 16.68054, 55.0115, 16.14692, 16.83522, 22.02936, , 3, Flores, 10.08807, -36.88013, 39.70923, 47.84167, -, -, -, 35.43357, 15.81499, 16.45416, 53.9236, 15.9474, 16.4296, 21.5466, , 4, Gonzalez, -33.08917, 0, -43.17725, -22.01489, 15.4248, -13.0387, -28.5365, 22.54614, 16.22539, 0, 55.0116, 16.20234, 16.90087, 21.9084, , 5, Holtz, -15.94501, 9.505249, -11.39233, 4.105469, -8.470459, 27.37036, -0.6407471, 14.9182, 14.9182, 0, 71.80612, 17.91924, 18.46763, 35.41925, , 6, Lipponen, -48.51398, -, -, -, -21.14319, -37.4397, -58.60205, 37.38503, 15.83031, 16.32644, 54.11195, 15.94667, 16.52707, 21.6382, , 7, Lundqvist, -20.05048, -15.4978, 0, 28.4635, 21.21008, -12.57593, 23.26489, 8.997385, 8.997385, 0, 54.12044, 15.96864, 16.49957, 21.65223, , 8, Moreno, -4.552673, 31.41211, 10.75159, 38.7627, 25.06848, -51.52087, 22.15308, 50.50209, 16.19781, 16.87114, 56.33569, 17.38343, 16.90671, 22.04555, , 9, North, -25.45026, -5.39978, 23.06372, -9.505249, 0, 15.8103, -17.97571, 14.72781, 14.72781, 0, 54.74376, 16.21633, 16.73825, 21.78918, , 10, Oliveira, -41.26056, -13.88977, -41.26056, -, -51.34863, -8.171387, -25.31555, 30.83342, 16.14193, 0, 54.56138, 16.3065, 16.54486, 21.71002, , 11, Ribeiro, -7.474548, 7.829712, 35.84082, 0, 30.27905, 22.14661, -54.44275, 51.43499, 16.0345, 16.45005, 68.55055, 30.28227, 16.62703, 21.64125, , 12, Saarinen, -43.31537, -43.31537, -, -, -32.24109, -53.40344, -10.2262, 32.93483, 16.21458, 16.65276, 55.06631, 16.21354, 16.87846, 21.97431, , 13, Schmidt, -15.30426, 25.9563, 10.146, -10.75159, 28.01111, 0, 20.66052, 20.32445, 20.32445, 0, 62.06059, 15.979, 16.64428, 29.43732, , 14, Sharp, -35.96478, -46.05286, -24.8905, -8.593994, -20.01978, 12.54919, -15.91431, 25.45029, 16.06958, 0, 54.12342, 16.04169, 16.62972, 21.45202, , 15, Surikov, -37.7536, -26.67932, -10.38281, -37.7536, -4.664429, -21.80859, 10.76038, 27.17383, 16.08501, 0, 54.44718, 16.03177, 16.75751, 21.6579, , 16, Vázquez, -29.62115, 13.69421, -22.14661, 11.6394, 6.343628, 8.132446, 0, 76.02023, 16.2894, 16.7772, 55.20506, 16.25679, 16.87965, 22.06862, , 17, Vidal, 46.9682, 73.67395, 0, 76.58936, -, -, -, 8.421296, 8.421296, 0, 71.15191, 17.66637, 16.76473, 36.72081, , 18, Wexler, -26.70575, 21.80823, -10.76074, 6.383423, -22.15308, -1.255493, 14.55481, 25.83279, 25.83279, 0, 67.96275, 15.85911, 16.49557, 35.60807, , 19, Woodford, -3.541687, 34.21191, 32.4231, 11.76257, -50.50989, 23.16406, -, 49.29244, 16.30785, 16.83081, 55.24306, 16.35304, 16.98596, 21.90405, , 
